userId,movieId,rating
1,19,2.3572805421935046
1,29,3.332570968678528
1,32,4.622463789801293
1,39,2.925671833852047
1,48,2.0681110845104143
1,53,4.196186398907181
1,60,2.150204789419537
1,135,2.7521732310765854
1,168,3.679801592051712
1,203,3.3145199904237495
1,222,3.679801592051712
1,33004,3.111410300393169
1,239,3.9534354800095763
1,256,3.679801592051712
1,261,3.302736712951879
1,262,3.281399426719034
1,272,3.1345572072170116
1,277,2.1715420756523818
1,293,3.658464305818866
1,305,1.22545892637871
1,314,4.196186398907181
1,318,3.684563786264246
1,337,3.4917404836006702
1,164179,3.1259875508738326
1,344,2.360074515202298
1,357,2.5486069547522145
1,364,3.1993057218099117
1,33162,2.734345421293337
1,410,3.491269152501796
1,446,3.709635847778361
1,502,2.737139394302131
1,98809,3.7306586224211955
1,515,3.442056640707516
1,538,3.442056640707516
1,551,3.1993057218099117
1,66097,3.4597536944204945
1,575,1.9980434728769203
1,588,2.8222408427100794
1,595,2.8222408427100794
1,597,2.7337184427780397
1,605,3.027122978914731
1,631,1.2439137146772554
1,131724,4.013390240479473
1,66203,3.781252737114396
1,714,3.332570968678528
1,33493,3.488475179493002
1,745,2.3751083519767526
1,765,3.1214495104148816
1,783,3.576370600909744
1,785,4.369403878381614
1,99114,3.15463344950902
1,830,3.3967788593447783
1,838,3.679801592051712
1,66371,3.332570968678528
1,33615,3.438834356213034
1,858,3.883367868376083
1,880,2.6446634603493835
1,902,3.781252737114396
1,903,3.1345572072170116
1,910,3.8886869654166762
1,33679,2.272993220715066
1,913,4.642816723616341
1,916,1.8243114522791983
1,920,3.302736712951879
1,924,2.7376107254010056
1,926,3.332570968678528
1,953,2.861144361982284
1,955,3.332570968678528
1,965,2.5784412104788634
1,33794,3.9231187868013357
1,1140,4.196186398907181
1,1173,2.7337184427780397
1,1183,3.442056640707516
1,1185,4.196186398907181
1,1192,2.9555060895786958
1,1193,3.802139346081457
1,1203,1.2439137146772554
1,1207,4.196186398907181
1,1212,3.332570968678528
1,1221,3.883367868376083
1,1225,3.709635847778361
1,1237,4.196186398907181
1,1271,3.709635847778361
1,1272,3.4917404836006702
1,1276,3.8886869654166762
1,34048,2.734345421293337
1,1302,2.380427449017346
1,1347,2.5603902322240844
1,1357,3.937993995479446
1,1358,1.179667366108521
1,1367,3.1142042734019633
1,34150,3.488475179493002
1,1391,1.179667366108521
1,66934,4.2426049376926676
1,1405,2.1715420756523818
1,1411,3.1142042734019633
1,1414,1.9337971243081862
1,1446,3.442056640707516
1,1449,3.3873138046930227
1,1480,2.6879268825078513
1,1519,1.179667366108521
1,34319,2.734345421293337
1,1566,3.1993057218099117
1,1584,2.6879268825078513
1,1590,3.487848200977705
1,1596,3.442056640707516
1,1619,2.7337184427780397
1,1624,1.179667366108521
1,1633,4.196186398907181
1,1635,3.7507533548254988
1,34405,4.619669816792499
1,1639,3.487848200977705
1,1641,4.196186398907181
1,1643,4.196186398907181
1,1653,3.1259875508738326
1,1683,2.6879268825078513
1,1693,3.291374680682943
1,1694,3.442056640707516
1,1696,1.9337971243081862
1,1703,3.50630298927625
1,1704,3.162126121943746
1,1711,1.9337971243081862
1,1719,4.196186398907181
1,1721,3.9083158491507763
1,1730,3.442056640707516
1,1734,3.709635847778361
1,1747,3.6585470814863443
1,1760,1.0190101521200394
1,1876,2.5486069547522145
1,1882,1.2288798779028007
1,1892,3.1292381101764177
1,1895,2.150204789419537
1,1907,3.1993057218099117
1,1947,3.8886869654166762
1,1961,3.6152741201819487
1,1962,3.1345572072170116
1,1970,2.3718577926741684
1,2064,2.9555060895786958
1,2072,3.679801592051712
1,2085,3.8683340316016284
1,2100,2.4670870638889677
1,2109,1.429195594924587
1,2124,3.491269152501796
1,2134,2.7521732310765854
1,2136,1.3960750312198718
1,2144,2.7882930464712836
1,2145,2.7337184427780397
1,2155,2.9555060895786958
1,2226,1.518863462515401
1,2297,2.904334547619202
1,2300,2.55506900579793
1,2324,3.6137864858231072
1,2346,1.9980434728769203
1,2352,3.691584869523582
1,2369,2.1833253531242516
1,2371,2.5603902322240844
1,2392,2.861144361982284
1,2396,3.781252737114396
1,2421,2.1715420756523818
1,2423,3.50630298927625
1,2428,2.3751083519767526
1,2431,3.1292381101764177
1,2455,1.6262976908176812
1,2485,3.153391580029204
1,2490,3.6152741201819487
1,2541,1.9795886845783748
1,2572,3.7305271645830542
1,2581,3.325613037402691
1,2599,3.709635847778361
1,68157,3.6363253613796407
1,166461,3.1993057218099117
1,2683,3.6152741201819487
1,2686,2.910762086814364
1,2688,3.8683340316016284
1,2694,2.925671833852047
1,68237,2.3572805421935046
1,2717,3.679801592051712
1,2720,2.107014603782619
1,2724,2.107014603782619
1,2763,3.8886869654166762
1,2770,2.861144361982284
1,68319,1.9802156630936718
1,2805,2.737139394302131
1,68358,3.865540058592835
1,2840,3.1292381101764177
1,2915,2.380427449017346
1,3039,3.8886869654166762
1,134130,3.1330341573020344
1,35836,3.1142042734019633
1,3081,3.781252737114396
1,3083,3.709635847778361
1,3087,2.3751083519767526
1,3100,3.50630298927625
1,3101,1.6262976908176812
1,3105,3.691584869523582
1,3099,2.7376107254010056
1,3114,2.8222408427100794
1,3148,3.3145199904237495
1,3174,2.861144361982284
1,3175,2.107014603782619
1,3178,3.1292381101764177
1,167036,2.8222408427100794
1,3210,3.3145199904237495
1,3254,2.7521732310765854
1,68791,3.488475179493002
1,3257,2.360074515202298
1,3264,2.150204789419537
1,3268,2.107014603782619
1,3298,3.368596165458614
1,3300,3.3055205914230017
1,3307,3.503052429973666
1,3328,2.9555060895786958
1,3361,3.1292381101764177
1,3363,2.5784412104788634
1,3396,2.5603902322240844
1,3409,2.5277862208344537
1,68954,3.0438533103790153
1,167296,0.5
1,3499,3.8683340316016284
1,3513,2.7337184427780397
1,3534,3.1142042734019633
1,3536,2.5784412104788634
1,3555,4.2426049376926676
1,3564,1.9834809672013407
1,3567,5.0
1,3580,3.4917404836006702
1,3615,2.7376107254010056
1,3616,4.2458702418003345
1,3618,3.4917404836006702
1,3623,2.7376107254010056
1,3624,3.7441478854732435
1,36401,2.734345421293337
1,3646,2.7376107254010056
1,3668,3.679801592051712
1,3686,3.8683340316016284
1,102007,2.271509881300826
1,3717,2.990018127273579
1,3719,4.2458702418003345
1,36517,3.8886869654166762
1,3751,3.576370600909744
1,3753,3.8521515907032327
1,3752,3.1530015611116644
1,3755,3.4917404836006702
1,36525,3.781252737114396
1,36535,3.658464305818866
1,134853,2.0730903830121994
1,3784,1.9834809672013407
1,3785,3.4917404836006702
1,3797,1.9834809672013407
1,3798,3.487848200977705
1,102125,2.972400705384562
1,3825,2.3572805421935046
1,3826,1.9834809672013407
1,3827,3.853414450781089
1,3863,3.487848200977705
1,3868,3.1142042734019633
1,3882,3.027122978914731
1,3893,2.7337184427780397
1,3897,3.922526715993173
1,69481,2.3572805421935046
1,3948,2.466124012449126
1,3952,2.7337184427780397
1,3967,3.302736712951879
1,3969,1.9802156630936718
1,3977,2.7337184427780397
1,3988,2.150204789419537
1,69526,2.734345421293337
1,3991,2.737139394302131
1,3994,3.488475179493002
1,3996,3.7930396428513653
1,3997,2.3572805421935046
1,4002,3.3145199904237495
1,4011,4.24197795917737
1,4015,2.734345421293337
1,4016,3.9534354800095763
1,4018,3.302736712951879
1,4020,3.111410300393169
1,4025,3.111410300393169
1,4027,3.865540058592835
1,4036,2.734345421293337
1,4039,2.7521732310765854
1,102445,3.111410300393169
1,4148,3.122889304970306
1,4217,3.332570968678528
1,69757,4.158317616214228
1,4223,4.619669816792499
1,4226,1.788793141124911
1,4238,3.488475179493002
1,4270,3.111410300393169
1,4306,3.6767668284663557
1,4308,3.781252737114396
1,69844,3.6762465699355227
1,4321,2.5603902322240844
1,4366,3.9534354800095763
1,4367,2.734345421293337
1,37386,3.111410300393169
1,4642,3.332570968678528
1,4720,3.488475179493002
1,4734,2.734345421293337
1,70286,1.9802156630936718
1,4865,2.734345421293337
1,4873,3.658464305818866
1,4878,2.191342501562609
1,4880,3.281399426719034
1,4886,3.536019508955027
1,4896,3.7797693977001554
1,103253,2.7489226717740003
1,37729,3.913084388054859
1,37733,3.488475179493002
1,4973,2.9678067056333757
1,4974,2.734345421293337
1,4975,2.7952994739694423
1,4979,4.035529184918699
1,4993,3.4346165200577654
1,5013,3.865540058592835
1,5026,3.488475179493002
1,103335,4.260432747475916
1,70599,4.158317616214228
1,5065,3.488475179493002
1,5066,4.53538249531406
1,5110,3.111410300393169
1,5152,4.2426049376926676
1,70687,1.518863462515401
1,5218,3.377062237889336
1,5254,2.734345421293337
1,38038,3.1993057218099117
1,5313,2.3572805421935046
1,5349,3.5543267519386332
1,5378,3.974383528848456
1,5400,2.734345421293337
1,5418,2.7481772453836983
1,5419,3.111410300393169
1,5444,3.576370600909744
1,5445,2.734345421293337
1,5459,3.111410300393169
1,5463,2.734345421293337
1,5464,3.488475179493002
1,5481,2.3572805421935046
1,5502,3.488475179493002
1,5620,2.925671833852047
1,5679,3.488475179493002
1,5785,3.281399426719034
1,5791,2.9555060895786958
1,5810,3.1345824555201163
1,5816,3.8735227858466255
1,5881,1.9802156630936718
1,5882,4.33050035910941
1,5902,3.709635847778361
1,5903,3.111410300393169
1,104245,3.1292381101764177
1,5952,3.6452602975479227
1,5956,3.488475179493002
1,5957,2.734345421293337
1,5989,2.4074477798608838
1,5991,3.709635847778361
1,71535,2.5051307240801437
1,6016,3.332570968678528
1,71579,3.781252737114396
1,6059,2.734345421293337
1,6157,3.111410300393169
1,6158,2.7521732310765854
1,6281,2.150204789419537
1,6297,3.1993057218099117
1,6333,3.488475179493002
1,6377,3.3633594701081395
1,6378,3.111410300393169
1,6383,1.9830096361024658
1,6385,2.9555060895786958
1,6534,2.5503403556936584
1,6537,3.488475179493002
1,6539,3.4216805240949157
1,6550,3.1292381101764177
1,6662,3.1292381101764177
1,6773,3.332570968678528
1,6874,3.5448151969092736
1,6934,3.111410300393169
1,6942,3.6316422387555143
1,6953,3.1142042734019633
1,6951,2.3751083519767526
1,6957,2.734345421293337
1,6985,2.9555060895786958
1,7090,3.865540058592835
1,7099,3.709635847778361
1,170939,3.1993057218099117
1,7147,3.1831670815201605
1,7153,3.4346165200577654
1,7162,2.734345421293337
1,7163,3.111410300393169
1,72737,3.1993057218099117
1,7247,2.7521732310765854
1,7254,2.9110996335508847
1,7255,3.781252737114396
1,7293,4.013215495093286
1,7317,3.111410300393169
1,7346,2.3572805421935046
1,7361,3.239683791974164
1,7367,2.734345421293337
1,7438,2.7263037933246284
1,7444,3.1142042734019633
1,7445,3.111410300393169
1,7454,2.734345421293337
1,72998,2.690457990582373
1,105844,3.1259875508738326
1,106072,3.0256396395004903
1,40614,3.281399426719034
1,40629,3.679801592051712
1,40815,3.7797693977001554
1,106489,3.7764200552873506
1,139385,3.8801173090734977
1,8360,3.555203630199548
1,8368,3.8201669594054897
1,8371,3.111410300393169
1,106782,3.083764144092264
1,8528,2.3572805421935046
1,8533,3.91905960413297
1,8636,3.974383528848456
1,8640,2.3572805421935046
1,8665,3.111410300393169
1,8798,2.882195603179976
1,41569,2.7489226717740003
1,8861,3.111410300393169
1,8865,2.734345421293337
1,8869,2.3751083519767526
1,8874,2.3572805421935046
1,74458,2.834432342827748
1,8957,3.658464305818866
1,8961,3.9352808479011125
1,8972,3.111410300393169
1,8985,1.9802156630936718
1,107406,2.7489226717740003
1,74789,2.734345421293337
1,42728,4.53538249531406
1,42734,1.6910462054105817
1,76093,3.1548835139110256
1,142056,2.385324395499162
1,43836,3.50630298927625
1,109374,3.865540058592835
1,109487,3.264641942544154
1,44022,3.883367868376083
1,44199,3.111410300393169
1,44555,3.332570968678528
1,110102,3.488475179493002
1,44633,3.332570968678528
1,44665,3.488475179493002
1,77455,2.5051307240801437
1,77561,2.972400705384562
1,45501,3.281399426719034
1,45722,3.3454515114330268
1,78499,3.1548835139110256
1,78637,4.260432747475916
1,79091,3.3454515114330268
1,79132,3.224881329374017
1,79293,2.734345421293337
1,46530,1.9802156630936718
1,46578,4.035529184918699
1,46970,3.2592604822798084
1,112552,3.0557761785228506
1,112623,3.1259875508738326
1,112852,3.3647693840942585
1,47610,4.013394753798933
1,80489,3.6363253613796407
1,80549,3.139454153698827
1,48082,3.658464305818866
1,80906,4.013390240479473
1,48304,3.488475179493002
1,48322,3.281399426719034
1,48385,3.281399426719034
1,48394,3.2502788278546197
1,48412,3.4041878580145633
1,81229,3.111410300393169
1,48516,3.5598875712285896
1,114060,1.7510009658804784
1,48780,3.488475179493002
1,81564,3.5278772770666897
1,81591,2.845479277373675
1,48982,3.1993057218099117
1,81834,3.7797693977001554
1,81847,3.576370600909744
1,49130,3.781252737114396
1,49272,4.2426049376926676
1,49274,3.1993057218099117
1,49278,2.734345421293337
1,114935,2.7489226717740003
1,115149,3.1259875508738326
1,82459,3.865540058592835
1,115617,3.865540058592835
1,115664,3.1993057218099117
1,115713,3.28709396706165
1,50601,2.3718577926741684
1,50872,3.6850632133496095
1,51086,3.1259875508738326
1,51255,3.111410300393169
1,116797,3.5165190327986595
1,51662,3.1142042734019633
1,84944,3.1993057218099117
1,84954,3.488475179493002
1,52281,2.734345421293337
1,52287,3.576370600909744
1,52328,3.781252737114396
1,85334,1.1417985834155684
1,52722,2.3572805421935046
1,53000,2.734345421293337
1,53121,3.3640573686766357
1,53125,3.1548835139110256
1,118696,3.0256396395004903
1,53519,2.3572805421935046
1,86298,3.50630298927625
1,86332,3.0905938500597
1,86345,3.2592604822798084
1,119145,3.1259875508738326
1,152081,3.576370600909744
1,53953,2.359149440956257
1,53996,3.488475179493002
1,54001,3.8201669594054897
1,86880,3.111410300393169
1,54259,3.488475179493002
1,87028,2.272993220715066
1,54272,4.0686497486234146
1,54286,2.9476464109631495
1,87232,4.2426049376926676
1,54995,1.9802156630936718
1,55052,4.53538249531406
1,55069,2.9555060895786958
1,55118,3.865540058592835
1,55276,4.642816723616341
1,88125,3.7797693977001554
1,88140,3.0826655811271824
1,88163,3.781252737114396
1,55442,3.332570968678528
1,55620,2.5784412104788634
1,55768,2.4451759636102466
1,55814,3.1259875508738326
1,55908,3.1259875508738326
1,88744,2.3572805421935046
1,89386,1.1417985834155684
1,56715,3.781252737114396
1,56757,3.0156745068299786
1,56788,3.111410300393169
1,56941,3.1259875508738326
1,89745,3.6743342697936243
1,89774,4.013390240479473
1,122882,3.4456998619083814
1,122886,4.619669816792499
1,122892,3.0905938500597
1,122904,3.8352194353478097
1,122916,3.1259875508738326
1,122918,3.9534354800095763
1,58025,2.734345421293337
1,90866,3.1259875508738326
1,58309,3.332570968678528
1,58559,3.7713098270582073
1,91500,2.932722185168461
1,91529,3.788822540224513
1,91542,3.0256396395004903
1,58803,3.491269152501796
1,26095,1.1417985834155684
1,91658,2.128065844980311
1,157296,2.8222408427100794
1,58998,1.518863462515401
1,26366,3.709635847778361
1,26524,3.332570968678528
1,59315,3.490038093330439
1,59369,3.488475179493002
1,59387,3.1259875508738326
1,92259,3.8801173090734977
1,59615,2.734345421293337
1,59784,3.3454515114330268
1,60040,2.734345421293337
1,60069,3.574586424802612
1,60072,2.734345421293337
1,60074,3.488475179493002
1,27706,2.734345421293337
1,27904,3.658464305818866
1,60684,4.619669816792499
1,93510,3.139454153698827
1,60756,4.013390240479473
1,61240,3.865540058592835
1,127202,3.1259875508738326
1,94677,3.1259875508738326
1,94864,2.734345421293337
1,95105,4.260432747475916
1,95207,2.7489226717740003
1,95510,3.6901543573186775
1,62999,4.260432747475916
1,63113,3.865540058592835
1,63239,2.7521732310765854
1,96079,4.2426049376926676
1,30793,2.8222408427100794
1,30803,4.622463789801293
1,30810,4.035529184918699
1,96610,3.111410300393169
1,96737,2.3718577926741684
1,63992,3.679801592051712
1,162578,3.1993057218099117
1,31658,3.1993057218099117
1,32031,3.1993057218099117
1,97752,3.1259875508738326
1,65350,1.1417985834155684
1,1,4.0
1,3,4.0
1,6,4.0
1,47,5.0
1,50,5.0
1,70,3.0
1,101,5.0
1,110,4.0
1,151,5.0
1,157,5.0
1,163,5.0
1,216,5.0
1,223,3.0
1,231,5.0
1,235,4.0
1,260,5.0
1,296,3.0
1,316,3.0
1,333,5.0
1,349,4.0
1,356,4.0
1,362,5.0
1,367,4.0
1,423,3.0
1,441,4.0
1,457,5.0
1,480,4.0
1,500,3.0
1,527,5.0
1,543,4.0
1,552,4.0
1,553,5.0
1,590,4.0
1,592,4.0
1,593,4.0
1,596,5.0
1,608,5.0
1,648,3.0
1,661,5.0
1,673,3.0
1,733,4.0
1,736,3.0
1,780,3.0
1,804,4.0
1,919,5.0
1,923,5.0
1,940,5.0
1,943,4.0
1,954,5.0
1,1009,3.0
1,1023,5.0
1,1024,5.0
1,1025,5.0
1,1029,5.0
1,1030,3.0
1,1031,5.0
1,1032,5.0
1,1042,4.0
1,1049,5.0
1,1060,4.0
1,1073,5.0
1,1080,5.0
1,1089,5.0
1,1090,4.0
1,1092,5.0
1,1097,5.0
1,1127,4.0
1,1136,5.0
1,1196,5.0
1,1197,5.0
1,1198,5.0
1,1206,5.0
1,1208,4.0
1,1210,5.0
1,1213,5.0
1,1214,4.0
1,1219,2.0
1,1220,5.0
1,1222,5.0
1,1224,5.0
1,1226,5.0
1,1240,5.0
1,1256,5.0
1,1258,3.0
1,1265,4.0
1,1270,5.0
1,1275,5.0
1,1278,5.0
1,1282,5.0
1,1291,5.0
1,1298,5.0
1,1348,4.0
1,1377,3.0
1,1396,3.0
1,1408,3.0
1,1445,3.0
1,1473,4.0
1,1500,4.0
1,1517,5.0
1,1552,4.0
1,1573,5.0
1,1580,3.0
1,1587,5.0
1,1617,5.0
1,1620,4.0
1,1625,5.0
1,1644,3.0
1,1676,3.0
1,1732,5.0
1,1777,4.0
1,1793,4.0
1,1804,5.0
1,1805,4.0
1,1920,4.0
1,1927,5.0
1,1954,5.0
1,1967,4.0
1,2000,4.0
1,2005,5.0
1,2012,4.0
1,2018,5.0
1,2028,4.0
1,2033,5.0
1,2046,4.0
1,2048,5.0
1,2054,4.0
1,2058,5.0
1,2078,5.0
1,2090,5.0
1,2093,3.0
1,2094,5.0
1,2096,4.0
1,2099,4.0
1,2105,4.0
1,2115,5.0
1,2116,5.0
1,2137,5.0
1,2139,5.0
1,2141,5.0
1,2143,4.0
1,2161,5.0
1,2174,4.0
1,2193,4.0
1,2253,2.0
1,2268,4.0
1,2273,4.0
1,2291,5.0
1,2329,5.0
1,2338,2.0
1,2353,5.0
1,2366,4.0
1,2387,5.0
1,2389,2.0
1,2395,5.0
1,2406,4.0
1,2414,3.0
1,2427,5.0
1,2450,4.0
1,2459,5.0
1,2470,5.0
1,2478,4.0
1,2492,4.0
1,2502,5.0
1,2528,3.0
1,2529,5.0
1,2542,5.0
1,2571,5.0
1,2580,5.0
1,2596,5.0
1,2616,4.0
1,2617,2.0
1,2628,4.0
1,2640,4.0
1,2641,5.0
1,2644,4.0
1,2648,4.0
1,2654,5.0
1,2657,3.0
1,2692,5.0
1,2700,5.0
1,2716,5.0
1,2761,5.0
1,2797,4.0
1,2826,4.0
1,2858,5.0
1,2872,5.0
1,2899,5.0
1,2916,4.0
1,2944,5.0
1,2947,5.0
1,2948,5.0
1,2949,5.0
1,2959,5.0
1,2985,4.0
1,2987,5.0
1,2991,5.0
1,2993,5.0
1,2997,4.0
1,3033,5.0
1,3034,5.0
1,3052,5.0
1,3053,5.0
1,3062,4.0
1,3147,5.0
1,3168,4.0
1,3176,1.0
1,3243,3.0
1,3247,3.0
1,3253,5.0
1,3273,5.0
1,3386,5.0
1,3439,4.0
1,3440,4.0
1,3441,5.0
1,3448,5.0
1,3450,5.0
1,3479,4.0
1,3489,4.0
1,3527,4.0
1,3578,5.0
1,3617,4.0
1,3639,4.0
1,3671,5.0
1,3702,5.0
1,3703,5.0
1,3729,5.0
1,3740,4.0
1,3744,4.0
1,3793,5.0
1,3809,4.0
1,4006,4.0
1,5060,5.0
2,1,3.4238556129222175
2,2,3.019444570375804
2,3,3.4580571605248416
2,4,2.7531268720168507
2,5,3.4580571605248416
2,6,2.8377197567417722
2,7,3.1055920162708457
2,8,2.1880326189878065
2,10,2.9024424116524896
2,11,2.6220410056232972
2,13,3.4260565421554046
2,15,4.492473545643655
2,16,4.492473545643655
2,17,3.3942903033150404
2,19,2.1532699821559422
2,21,3.3330904599950864
2,22,1.655935380393824
2,23,3.9752653530842488
2,25,3.073708587665945
2,29,3.4580571605248416
2,32,4.024393649320864
2,34,3.040772753197549
2,36,3.3880558078416985
2,39,2.7604829169404237
2,44,2.656196385567968
2,47,3.964596724849888
2,48,3.844142746115868
2,50,4.008465789751418
2,57,3.4580571605248416
2,58,3.958710902789901
2,60,2.9750043479101054
2,62,4.492473545643655
2,76,4.163983845098455
2,79,2.556996270459333
2,85,5.0
2,93,2.656196385567968
2,95,3.0898982396447927
2,102,3.4580571605248416
2,104,3.1834879781881757
2,105,2.7531268720168507
2,107,3.233052812614737
2,110,3.62572002424584
2,111,3.8594514744242785
2,112,1.606092802345387
2,122,2.8204412358405677
2,126,1.655935380393824
2,132,2.8204412358405677
2,141,2.5751705346963227
2,145,3.4199726844651437
2,150,3.3058183861066976
2,151,4.492473545643655
2,153,2.667137691128272
2,158,2.6579908129500995
2,160,2.8204412358405677
2,161,3.3025920856023854
2,163,2.7147317616638227
2,165,3.57898189441775
2,168,3.5572572756334764
2,170,3.210968645739758
2,172,1.1484089260374795
2,173,2.644811258919744
2,174,3.1392491981827044
2,177,2.8204412358405677
2,181,1.402172153215652
2,185,2.4659743806487735
2,186,1.1277721308624322
2,188,4.492473545643655
2,193,1.79901041869842
2,194,3.69334984283656
2,195,4.492473545643655
2,196,2.1418206562767343
2,198,3.9102206179202845
2,204,1.402172153215652
2,207,4.492473545643655
2,208,2.803006543217084
2,216,4.492473545643655
2,217,2.556996270459333
2,223,3.4241900870312616
2,225,3.1392491981827044
2,227,2.656196385567968
2,231,2.7538919888903166
2,232,3.3880558078416985
2,233,3.4540898707474827
2,234,2.8204412358405677
2,235,3.656457390742111
2,236,1.7860248507217535
2,239,2.2161363086791597
2,238,3.4580571605248416
2,242,2.4919515352953683
2,247,4.224071962743242
2,248,2.8204412358405677
2,252,4.492473545643655
2,253,3.194160824053657
2,255,1.1484089260374795
2,256,3.5572572756334764
2,258,1.655935380393824
2,259,2.6220410056232972
2,260,3.9450690851116583
2,261,3.42305648418327
2,262,3.6510608900655095
2,265,2.8336089236794795
2,266,2.6709704773027667
2,267,3.656457390742111
2,271,3.4580571605248416
2,272,4.016529490722229
2,273,2.629883423162406
2,274,3.656457390742111
2,276,3.5572572756334764
2,277,3.1392491981827044
2,280,4.492473545643655
2,282,4.458816363731797
2,288,3.4423645452387976
2,290,4.224071962743242
2,292,3.009094788991502
2,293,1.99594409487316
2,296,3.3895862316054726
2,299,2.3444971809191406
2,300,2.4879418612606696
2,303,2.765479900737404
2,305,0.8726523623021546
2,306,0.6724648711160528
2,307,2.1829073569763064
2,308,3.69334984283656
2,315,2.238188308117196
2,316,2.428720313249483
2,317,2.6995006323637822
2,325,3.4580571605248416
2,327,2.8204412358405677
2,328,1.9844250809390236
2,329,2.404056445311349
2,337,3.5033457084000563
2,338,1.8201802306664239
2,339,3.1652257822060017
2,340,3.656457390742111
2,342,2.6971701169680333
2,343,2.6220410056232972
2,344,2.5196564081711603
2,348,1.1484089260374795
2,349,2.9487892758414898
2,350,3.5572572756334764
2,351,2.6875839388200737
2,353,4.746236772821828
2,355,3.1392491981827044
2,356,3.3501073550104765
2,357,2.7646005931806084
2,358,1.7820575609443945
2,362,3.4420568513401233
2,364,3.7548193159085077
2,366,1.655935380393824
2,367,3.3976689128904027
2,368,2.98452154187734
2,370,2.608554191276758
2,374,2.556996270459333
2,376,3.589143026918395
2,377,2.971986225904403
2,380,2.1869646740904303
2,382,3.366699462955315
2,383,2.597617914631891
2,379,3.3279676901969117
2,33166,4.471836750468609
2,410,2.6381990107043785
2,413,2.3032330432811605
2,416,1.9844250809390236
2,419,3.4580571605248416
2,420,2.7352391806721807
2,426,3.3279676901969117
2,431,4.492473545643655
2,432,2.9512229770205773
2,434,3.0442357465434755
2,435,2.644811258919744
2,437,1.1484089260374795
2,440,3.525373847028576
2,442,2.9884844774622383
2,448,2.7531268720168507
2,454,2.9516208888681814
2,455,2.7531268720168507
2,457,3.345547035919072
2,466,3.46473187291793
2,468,4.492473545643655
2,471,3.656457390742111
2,474,3.3880558078416985
2,475,3.9099067287818716
2,477,3.589143026918395
2,480,3.233577803033552
2,484,3.4580571605248416
2,485,1.237927302943052
2,487,4.114141267050019
2,491,3.622800208830253
2,500,3.008165654469169
2,502,3.4580571605248416
2,508,2.7531268720168507
2,509,3.7007207038421033
2,515,2.5520396529401537
2,519,2.556996270459333
2,520,3.217169693194555
2,524,2.7531268720168507
2,527,3.794002110269318
2,531,3.6160602137239373
2,532,2.6220410056232972
2,533,3.3279676901969117
2,534,2.5520396529401537
2,539,2.6444806753512147
2,540,2.7531268720168507
2,541,3.7791370742067483
2,542,2.6220410056232972
2,543,1.025137807164945
2,546,3.3279676901969117
2,551,4.027504644299173
2,552,3.106478892924325
2,553,3.28644163385807
2,575,3.016613847610582
2,585,1.1484089260374795
2,586,2.6338138025614026
2,587,3.2541023588620073
2,588,3.2856634014003383
2,589,3.5741989684183904
2,590,3.300610837697704
2,592,2.963135426385319
2,593,3.4381017758053503
2,594,3.877262155514393
2,595,3.470686702461267
2,596,3.7610711564783044
2,597,2.773236501200117
2,608,3.694643941911573
2,609,3.4580571605248416
2,610,3.4580571605248416
2,611,1.1484089260374795
2,616,3.393012425360877
2,628,1.655935380393824
2,631,3.4580571605248416
2,637,3.656457390742111
2,648,2.8072536006682043
2,653,2.8850383237219215
2,661,3.503179150459774
2,671,2.6772470413506957
2,673,1.8098618330789005
2,688,2.8204412358405677
2,709,2.59004038725386
2,711,3.4580571605248416
2,718,4.163983845098455
2,720,4.262072697056949
2,733,2.9580587687921245
2,736,1.6614287254170543
2,745,3.1151781944188053
2,748,4.163983845098455
2,750,3.5331862718695772
2,778,4.197145151657521
2,780,2.5098915899613714
2,783,3.233052812614737
2,784,1.2989333822200102
2,785,2.618073715845939
2,786,1.655935380393824
2,788,2.305643907727278
2,33564,3.5331862718695772
2,798,1.655935380393824
2,801,2.172032309803088
2,805,2.6971701169680333
2,810,3.4580571605248416
2,828,3.4580571605248416
2,832,2.8708810633008364
2,837,2.9590040387253858
2,839,4.163983845098455
2,849,4.163983845098455
2,858,3.718107485743
2,880,3.3279676901969117
2,899,3.4260565421554046
2,903,3.5181679349676833
2,904,4.163983845098455
2,908,3.4305769810332447
2,912,3.1151781944188053
2,913,3.1151781944188053
2,914,3.844064619606176
2,919,3.770098904602712
2,923,3.6132680573530687
2,924,5.0
2,926,3.69334984283656
2,949,2.857333687935016
2,953,3.1151781944188053
2,986,3.008048464704632
2,990,1.655935380393824
2,991,2.4919515352953683
2,1010,2.59004038725386
2,1011,1.655935380393824
2,1012,3.4260565421554046
2,1013,3.4260565421554046
2,1015,3.008048464704632
2,1018,3.008048464704632
2,1021,1.754024232352316
2,1022,4.422032309803088
2,1025,4.262072697056949
2,1028,3.9401156151568144
2,1029,3.5860161549015444
2,1030,2.59004038725386
2,1031,2.59004038725386
2,1032,3.168008077450772
2,1034,1.655935380393824
2,1035,3.382771511889119
2,1036,3.025057809445186
2,1037,2.4919515352953683
2,1041,3.69334984283656
2,1047,2.6112588589466457
2,1056,3.3279676901969117
2,1059,4.406149190382907
2,1061,3.8006352089619395
2,1064,3.4580571605248416
2,1073,3.561582970547395
2,1079,3.705409897018635
2,1084,3.5757035016807017
2,1086,3.5331862718695772
2,1088,3.844064619606176
2,1089,3.577734580259994
2,1090,5.0
2,1092,2.8377197567417722
2,1093,4.290106025649027
2,1094,3.2833818015071716
2,1097,3.6204039431456874
2,1100,1.655935380393824
2,1101,3.238270975122804
2,1103,3.69334984283656
2,1105,3.4580571605248416
2,1107,3.745975767647684
2,1120,3.3279676901969117
2,1127,2.9038404355934184
2,1148,3.688625445737877
2,1163,1.655935380393824
2,1172,3.5331862718695772
2,1173,2.5446846721052427
2,1175,4.163983845098455
2,1183,4.163983845098455
2,1185,2.857333687935016
2,1186,5.0
2,1188,4.016529490722229
2,1193,3.4009394468568015
2,1196,3.688666765598521
2,1198,3.761650909595645
2,1199,5.0
2,1200,3.348723809243386
2,1201,3.3365760740383945
2,1203,3.5331862718695772
2,1206,3.69334984283656
2,1207,3.5331862718695772
2,1208,4.08516934543904
2,1209,2.986255941176911
2,1210,3.7894322623430643
2,1212,3.6132680573530687
2,1213,3.8485850584840167
2,1214,3.0625607881548174
2,1217,2.857333687935016
2,1219,3.1001598575169114
2,1220,2.3444971809191406
2,1221,3.6345058702528457
2,1222,3.79776776885576
2,1225,2.803564864857086
2,1230,3.69334984283656
2,1233,3.1151781944188053
2,1240,3.9963957205522265
2,1241,0.770076647443843
2,1242,4.163983845098455
2,1244,3.1151781944188053
2,1246,2.558274148413496
2,1247,3.1952599799022967
2,1248,3.5331862718695772
2,1251,3.2753417653857886
2,1252,3.6132680573530687
2,1258,2.9099596127461402
2,1262,3.1151781944188053
2,1263,3.6132680573530687
2,1265,2.5251128418544324
2,1266,4.114141267050019
2,1269,3.1151781944188053
2,1270,4.300748027819473
2,1275,3.6908981816073743
2,1276,3.1151781944188053
2,1277,5.0
2,1282,3.844064619606176
2,1288,4.163983845098455
2,1291,3.526667502386112
2,1293,3.6908981816073743
2,1296,4.016529490722229
2,1302,2.636170325832178
2,1304,3.46994426576317
2,1307,4.163983845098455
2,1320,5.0
2,1321,1.655935380393824
2,1333,3.008048464704632
2,1339,3.303046401172694
2,1347,3.3279676901969117
2,1348,2.857333687935016
2,1356,2.941684863475623
2,1357,1.1277721308624322
2,1367,1.8417439890940879
2,1370,3.046723795467158
2,1371,2.4919515352953683
2,1372,2.8377197567417722
2,1373,2.4919515352953683
2,1374,1.655935380393824
2,1375,1.7585446712301565
2,1376,1.3405365937793843
2,1377,2.2551716739059273
2,1379,4.114141267050019
2,1380,4.262072697056949
2,1382,1.655935380393824
2,1385,1.655935380393824
2,1387,2.929017471000483
2,1391,2.8850383237219215
2,1393,2.5251128418544324
2,1407,3.530827167899035
2,1411,5.0
2,1438,1.655935380393824
2,1446,4.163983845098455
2,1483,5.0
2,1485,2.9419373533112387
2,1488,1.655935380393824
2,1489,3.4260565421554046
2,1499,1.655935380393824
2,1515,3.0840499333320457
2,1516,2.5751705346963227
2,1517,2.6329748612824075
2,1527,2.777189889125925
2,1544,3.1834879781881757
2,1547,2.59004038725386
2,1552,2.419711679291
2,1556,1.5114556683850877
2,1562,1.9416656158178485
2,1566,3.9791029433280976
2,1573,2.463683831037846
2,1580,3.245017278008855
2,1584,1.655935380393824
2,1586,1.655935380393824
2,1587,1.7344820487055124
2,1588,3.920066088233589
2,1590,4.190350413503394
2,1591,2.4919515352953683
2,1589,3.3279676901969117
2,1597,1.655935380393824
2,1603,1.655935380393824
2,1608,3.551777033210883
2,1610,3.5408740976892057
2,1614,2.7630794452894882
2,1616,1.655935380393824
2,1617,3.353844899201469
2,1619,2.5446846721052427
2,1620,1.237927302943052
2,1625,3.550289712027137
2,1627,5.0
2,1635,3.2753417653857886
2,1639,3.232375380169416
2,1645,2.8451855160604156
2,1653,5.0
2,34437,2.4393256104842442
2,1673,2.4393256104842442
2,1674,2.4919515352953683
2,1676,2.3699926568629346
2,1678,4.163983845098455
2,1682,2.7091955915556
2,1688,3.844064619606176
2,1690,2.8377197567417722
2,1713,5.0
2,1717,2.6727034752914482
2,1719,4.290106025649027
2,1721,2.719765744358307
2,1722,2.1646698486927285
2,1726,2.248033778430501
2,1729,3.1151781944188053
2,1734,5.0
2,1747,3.0840499333320457
2,1748,3.046723795467158
2,1777,2.7630794452894882
2,1784,3.920066088233589
2,1801,2.765479900737404
2,1805,2.248033778430501
2,1810,3.206008811764479
2,1821,3.0840499333320457
2,1831,1.655935380393824
2,1835,2.248033778430501
2,1837,2.248033778430501
2,1845,3.745975767647684
2,1848,2.59004038725386
2,1876,2.1978158636447724
2,1882,1.655935380393824
2,1883,3.4111866895978666
2,1889,3.69334984283656
2,1907,4.188106982053483
2,1909,1.655935380393824
2,1911,3.4111866895978666
2,1917,2.4024627136514716
2,1919,3.008048464704632
2,1920,1.655935380393824
2,1923,3.144825580081089
2,1927,3.1151781944188053
2,1942,4.016529490722229
2,1947,2.69492241395969
2,1950,3.5331862718695772
2,1952,2.857333687935016
2,1960,2.674642611615192
2,1961,2.558274148413496
2,1962,1.655935380393824
2,1968,1.7391543797947788
2,1969,1.655935380393824
2,1970,1.655935380393824
2,1971,1.655935380393824
2,1972,1.655935380393824
2,1973,2.4919515352953683
2,1974,1.655935380393824
2,1975,1.655935380393824
2,1976,1.655935380393824
2,1979,3.3279676901969117
2,1981,1.655935380393824
2,1994,4.163983845098455
2,1997,5.0
2,2000,3.376066846242896
2,2001,4.01950413308972
2,2002,3.303046401172694
2,2003,4.163983845098455
2,2004,2.765479900737404
2,2005,3.0452735318556883
2,2006,1.7798077861940003
2,2010,2.857333687935016
2,2011,3.882739950368702
2,2012,3.882739950368702
2,2018,4.213028271077702
2,2019,3.1151781944188053
2,2020,2.4919515352953683
2,2021,2.4182243581072544
2,2023,5.0
2,2027,1.606092802345387
2,2028,3.6442685827535026
2,2033,3.4260565421554046
2,2048,3.008048464704632
2,2051,1.655935380393824
2,2052,3.3279676901969117
2,2053,1.8474825600494698
2,2054,2.182684754882388
2,2058,2.836232435558027
2,2059,3.008048464704632
2,2076,3.404264018627683
2,2078,4.004024232352316
2,2080,3.4260565421554046
2,2081,4.218787666790663
2,2083,4.262072697056949
2,2085,3.4260565421554046
2,2087,4.004024232352316
2,2088,1.655935380393824
2,2089,3.844064619606176
2,2090,2.59004038725386
2,2092,2.59004038725386
2,2094,2.4919515352953683
2,2096,3.4260565421554046
2,2100,2.0679102977835324
2,2115,3.526667502386112
2,2116,2.172032309803088
2,2118,5.0
2,2126,3.3279676901969117
2,2135,4.262072697056949
2,2137,3.844064619606176
2,2140,2.9590040387253858
2,2141,3.844064619606176
2,2145,2.5446846721052427
2,2148,3.2781251121484747
2,2160,3.69334984283656
2,2161,3.168008077450772
2,2162,1.655935380393824
2,2166,3.3279676901969117
2,2167,1.8965269860287157
2,2174,2.7390498477404317
2,2194,3.3279676901969117
2,2195,2.5751705346963227
2,2210,3.3279676901969117
2,2243,2.0213175330334723
2,2252,1.237927302943052
2,2253,1.655935380393824
2,2273,2.8451855160604156
2,2278,3.2178125181162924
2,2289,4.016529490722229
2,2294,3.512288977713431
2,2300,3.977711269946754
2,2313,3.3016547277913504
2,2314,5.0
2,2318,4.290106025649027
2,2321,3.2781251121484747
2,2324,5.0
2,2325,3.7210544786234663
2,2329,3.7791370742067483
2,2334,1.655935380393824
2,2337,2.618073715845939
2,2340,2.0002162806564825
2,2353,2.836232435558027
2,2355,2.8370196321400662
2,2360,3.2753417653857886
2,2363,1.655935380393824
2,2364,1.655935380393824
2,2367,2.4919515352953683
2,2378,3.1834879781881757
2,2380,2.765479900737404
2,2381,2.347471823286632
2,2383,2.347471823286632
2,2384,1.4163009853645474
2,2387,5.0
2,2390,2.618073715845939
2,2393,1.1277721308624322
2,2394,3.3520908271519394
2,2395,4.290106025649027
2,2396,2.816705203206565
2,2402,1.655935380393824
2,2404,1.655935380393824
2,2405,2.4919515352953683
2,2407,3.2178125181162924
2,2408,1.655935380393824
2,2409,3.3279676901969117
2,2410,2.8377197567417722
2,2411,1.655935380393824
2,2412,1.655935380393824
2,2414,3.3279676901969117
2,2420,1.6033094555827
2,2422,1.655935380393824
2,2423,4.114141267050019
2,2427,2.5779549777359403
2,2428,1.655935380393824
2,2430,1.754024232352316
2,2433,2.618073715845939
2,2446,2.4919515352953683
2,2450,3.3279676901969117
2,2455,4.163983845098455
2,2456,2.4919515352953683
2,2467,3.3279676901969117
2,2470,2.4919515352953683
2,2471,1.655935380393824
2,2490,2.867122044899878
2,2492,0.9460414060428505
2,2502,3.432638280172675
2,2529,3.3279676901969117
2,2530,1.655935380393824
2,2531,1.655935380393824
2,2532,1.655935380393824
2,2533,1.655935380393824
2,2541,2.163371116524819
2,2542,4.88984482791938
2,2560,3.4540898707474827
2,2565,3.008048464704632
2,2571,3.499851579838065
2,2580,3.126947155706502
2,2583,2.4919515352953683
2,2594,3.2753417653857886
2,2598,1.7820575609443945
2,2599,4.290106025649027
2,2600,3.4540898707474827
2,2606,3.1834879781881757
2,2617,2.572395195133391
2,2628,2.857780846000138
2,2640,3.519514869852558
2,2641,2.4919515352953683
2,2642,1.655935380393824
2,2643,1.655935380393824
2,2644,2.4393256104842442
2,2657,3.568406193890889
2,2683,2.6472759216656128
2,2687,3.1430867884265536
2,2688,2.2580262075457638
2,2692,3.155711779341249
2,2694,2.1120832590956633
2,2699,3.3279676901969117
2,2700,3.204666890308325
2,2701,1.945383078957233
2,2702,3.4540898707474827
2,2706,3.1134439031192973
2,2707,3.4540898707474827
2,2709,4.262072697056949
2,2710,3.9881411129321345
2,2712,4.290106025649027
2,2716,3.8782010688560558
2,2717,4.163983845098455
2,2719,2.4421089572469312
2,2722,2.618073715845939
2,2723,2.530091336546435
2,2724,3.4111866895978666
2,2728,2.976282225864268
2,2745,3.3279676901969117
2,2746,3.844064619606176
2,2748,3.3279676901969117
2,2761,3.844064619606176
2,2762,3.5726222828273637
2,2763,2.7998044406655205
2,2769,5.0
2,2770,2.2904196821829546
2,2771,1.655935380393824
2,2772,0.770076647443843
2,2789,1.655935380393824
2,2791,4.163983845098455
2,2792,4.114141267050019
2,2804,4.188106982053483
2,2806,1.655935380393824
2,2808,1.655935380393824
2,2818,1.655935380393824
2,2827,1.655935380393824
2,2840,5.0
2,2841,2.948099413997207
2,2857,3.4260565421554046
2,2858,3.4087889181335336
2,2867,3.2781251121484747
2,2879,4.2472028444994105
2,2880,2.5751705346963227
2,2890,3.584503433718321
2,2908,3.573719856792021
2,2916,2.881707514016834
2,2918,2.4919515352953683
2,2921,4.114141267050019
2,2941,3.4260565421554046
2,2944,2.3444971809191406
2,2947,2.811311146533808
2,2948,2.5617158721176225
2,2953,1.655935380393824
2,2959,3.9193937352777906
2,2966,2.4393256104842442
2,2977,2.4919515352953683
2,2985,4.163983845098455
2,2986,3.3279676901969117
2,2987,3.656391987161419
2,2995,2.4421089572469312
2,2997,3.815654477000712
2,3005,1.7189964706691094
2,3006,2.857333687935016
2,3019,2.857333687935016
2,3030,3.5331862718695772
2,3033,0.6724648711160528
2,3034,4.213028271077702
2,3037,3.127203669006372
2,3052,2.733589156710477
2,3060,4.016529490722229
2,3067,1.655935380393824
2,3081,3.632066275998138
2,3082,1.655935380393824
2,3083,4.3466749214182805
2,3087,1.655935380393824
2,3089,3.69334984283656
2,3101,1.7034670851898468
2,3114,3.2003220365024307
2,3146,3.2781251121484747
2,3147,3.7791370742067483
2,3152,3.5331862718695772
2,3157,2.59004038725386
2,3159,3.858081283902215
2,3160,3.631138493743909
2,3174,4.290106025649027
2,3175,3.539982790804014
2,3176,3.1805133358206854
2,3179,2.618073715845939
2,3189,3.008048464704632
2,3201,2.857333687935016
2,3203,3.4540898707474827
2,3213,5.0
2,3219,3.4540898707474827
2,3238,1.655935380393824
2,3246,2.857333687935016
2,3253,3.1834879781881757
2,3257,2.4919515352953683
2,3256,2.4182243581072544
2,3263,3.3279676901969117
2,3264,2.4670302462711495
2,3269,1.655935380393824
2,3271,2.4393256104842442
2,3273,2.4407172838655873
2,3275,4.88984482791938
2,3285,3.4540898707474827
2,3286,3.4111866895978666
2,3287,2.5751705346963227
2,3298,3.4540898707474827
2,3300,2.9853706071303234
2,3301,3.20471375568334
2,3307,3.69334984283656
2,3328,5.0
2,3334,3.1151781944188053
2,3354,2.926647823422399
2,3355,4.163983845098455
2,3357,4.163983845098455
2,3362,3.1151781944188053
2,3363,3.1151781944188053
2,3386,4.163983845098455
2,3394,0.9460414060428505
2,3396,4.262072697056949
2,3397,4.262072697056949
2,3398,4.262072697056949
2,3404,3.7110620495082034
2,3408,3.382771511889119
2,3409,1.7086685172036986
2,3410,3.4260565421554046
2,3418,2.3946401798337136
2,3424,2.857333687935016
2,3438,2.9590040387253858
2,3439,2.4919515352953683
2,3440,1.655935380393824
2,3450,2.4919515352953683
2,3452,3.1834879781881757
2,3462,2.6971701169680333
2,3471,3.3279676901969117
2,3477,3.3279676901969117
2,3481,2.4393256104842442
2,3483,3.008048464704632
2,3499,2.811311146533808
2,3508,4.114141267050019
2,3510,2.59004038725386
2,3512,2.59004038725386
2,3513,2.5446846721052427
2,3527,3.93752294730333
2,3535,0.918008077450772
2,3536,1.336016154901544
2,3543,3.1151781944188053
2,3549,4.262072697056949
2,3555,3.114966381205222
2,3565,2.59004038725386
2,3572,1.655935380393824
2,3593,4.163983845098455
2,3608,1.655935380393824
2,3615,3.209617577151249
2,3616,4.163983845098455
2,3617,3.1834879781881757
2,3618,2.5751705346963227
2,3623,2.0938762879696773
2,3624,3.003586556786632
2,3633,1.5084810260175967
2,3635,1.5084810260175967
2,3638,2.419711679291
2,3639,3.7110620495082034
2,3649,1.655935380393824
2,3654,3.7110620495082034
2,3671,4.114141267050019
2,3681,3.5331862718695772
2,3683,5.0
2,3697,5.0
2,3698,4.163983845098455
2,3701,1.655935380393824
2,3702,2.073943457844596
2,3703,3.402529619328112
2,3704,4.163983845098455
2,3717,3.2000901994972244
2,3730,2.986255941176911
2,3735,3.2753417653857886
2,3744,2.5042275817456052
2,3745,3.160573151172003
2,3751,3.789567881262841
2,3753,3.2125905955120175
2,3752,2.530091336546435
2,3755,3.844064619606176
2,3783,3.4540898707474827
2,3784,2.172032309803088
2,3785,3.9598737225958076
2,3788,2.6971701169680333
2,3793,3.0308275271742375
2,3798,3.3807008270067866
2,3819,2.3444971809191406
2,3825,1.237927302943052
2,3826,1.655935380393824
2,3827,3.3807008270067866
2,3852,3.4260565421554046
2,3858,5.0
2,3861,2.347471823286632
2,3863,2.7010091800201295
2,3864,1.655935380393824
2,3868,4.163983845098455
2,3869,3.3279676901969117
2,3877,2.4919515352953683
2,3882,2.172032309803088
2,3893,2.9363261811510775
2,3897,3.6123827233064816
2,3910,5.0
2,3948,3.7305121476309364
2,3949,3.69334984283656
2,3952,2.5446846721052427
2,3967,3.844064619606176
2,3972,2.59004038725386
2,3977,2.7727376791824265
2,3981,2.073943457844596
2,3986,1.70497980637307
2,3988,3.008048464704632
2,3990,0.5
2,3994,3.168008077450772
2,3996,3.7675765941369996
2,3999,1.754024232352316
2,4011,4.562851244125646
2,4015,4.01950413308972
2,4014,3.619177461460608
2,4016,3.844064619606176
2,4018,3.6014960556389477
2,4019,3.4260565421554046
2,4021,5.0
2,4022,2.6777601439956316
2,4023,2.039029739705115
2,4025,3.095768221446404
2,4027,3.2011693840098356
2,4029,3.4260565421554046
2,4033,5.0
2,4034,3.7196628052421223
2,4039,4.262072697056949
2,4054,2.172032309803088
2,4055,5.0
2,4084,3.6014960556389477
2,4085,3.1834879781881757
2,4090,3.008048464704632
2,4103,2.857333687935016
2,4148,2.9363261811510775
2,4153,3.6014960556389477
2,4154,3.4260565421554046
2,4161,3.008048464704632
2,4211,2.857333687935016
2,4223,3.3279676901969117
2,4226,3.3652295369520777
2,4228,1.655935380393824
2,4232,0.5
2,4238,2.765479900737404
2,4246,3.5911761218140117
2,4255,1.92946374583586
2,4270,1.6327399503687017
2,4299,3.008048464704632
2,4306,4.064464764002734
2,4308,3.008048464704632
2,4310,3.513776298897176
2,4326,2.976282225864268
2,4343,2.4919515352953683
2,4344,3.095768221446404
2,4366,1.336016154901544
2,4367,2.058479837827848
2,4369,2.468756105270246
2,4370,3.377012116176158
2,4378,3.008048464704632
2,4381,5.0
2,4386,2.347471823286632
2,4388,3.6014960556389477
2,4406,3.5331862718695772
2,4427,2.4393256104842442
2,4440,3.7110620495082034
2,4446,3.008048464704632
2,4447,2.59004038725386
2,4449,1.754024232352316
2,4450,5.0
2,4519,3.008048464704632
2,4546,3.2753417653857886
2,4638,1.286971728922298
2,4641,2.59004038725386
2,4643,1.9139838450984559
2,4700,3.4260565421554046
2,4701,3.6014960556389477
2,4718,2.8867641827210178
2,4720,3.008048464704632
2,4734,0.918008077450772
2,4735,4.5819919225492285
2,4776,3.008048464704632
2,4783,3.008048464704632
2,4792,2.9099596127461402
2,4816,3.30477226017179
2,4821,0.5
2,4846,2.172032309803088
2,4848,1.336016154901544
2,4865,2.59004038725386
2,4866,2.4919515352953683
2,4878,2.857333687935016
2,4886,2.468756105270246
2,4887,1.237927302943052
2,4896,3.844064619606176
2,4901,3.008048464704632
2,37733,2.0213175330334723
2,37741,2.4393256104842442
2,4973,3.122267395222954
2,4979,3.5649181139886723
2,4989,3.6014960556389477
2,4990,3.4260565421554046
2,4993,3.5419546671892688
2,4995,4.262072697056949
2,5013,3.1416951150452106
2,5014,3.4260565421554046
2,5015,3.4260565421554046
2,5065,2.765479900737404
2,5093,2.765479900737404
2,5094,1.92946374583586
2,5103,3.4260565421554046
2,5106,2.347471823286632
2,5110,2.59004038725386
2,1019,5.0
2,5171,1.754024232352316
2,5218,3.931784376347948
2,5219,2.628715718016386
2,5220,3.6014960556389477
2,5254,2.59004038725386
2,5291,3.5331862718695772
2,5293,3.008048464704632
2,5296,3.1834879781881757
2,5299,2.6777601439956316
2,5300,2.857333687935016
2,5304,2.857333687935016
2,5313,0.5
2,5341,2.857333687935016
2,5349,1.7798077861940003
2,5364,3.4260565421554046
2,5377,2.558274148413496
2,5378,3.4260565421554046
2,5388,3.4260565421554046
2,5400,3.1834879781881757
2,5414,3.6014960556389477
2,5418,2.59004038725386
2,5419,1.423735911643316
2,5434,3.2753417653857886
2,5445,3.7305121476309364
2,5449,3.6014960556389477
2,5459,2.8377197567417722
2,5463,1.754024232352316
2,5481,2.050748027819474
2,71033,3.1151781944188053
2,5502,3.377012116176158
2,5504,0.5
2,5507,1.8417439890940879
2,5618,3.828181500185994
2,5630,3.008048464704632
2,5632,2.857333687935016
2,5669,2.8708810633008364
2,5679,3.30477226017179
2,5693,3.4260565421554046
2,5785,3.4260565421554046
2,5791,2.857333687935016
2,5803,3.6014960556389477
2,5812,2.857333687935016
2,5816,3.844064619606176
2,5867,2.857333687935016
2,5872,3.6014960556389477
2,5874,2.765479900737404
2,5890,3.69334984283656
2,5893,1.6033094555827
2,5900,3.6014960556389477
2,5903,3.3279676901969117
2,5952,3.382771511889119
2,5989,3.844064619606176
2,5991,4.1485202250817075
2,5992,5.0
2,5995,3.69334984283656
2,6001,2.857333687935016
2,6006,2.765479900737404
2,6014,3.6014960556389477
2,6016,3.404264018627683
2,6143,3.4260565421554046
2,6155,3.1834879781881757
2,6156,3.30477226017179
2,6157,2.25975206654486
2,6166,1.336016154901544
2,6170,3.4260565421554046
2,6218,2.976282225864268
2,6235,3.69334984283656
2,6244,2.857333687935016
2,6249,3.1834879781881757
2,6250,2.4919515352953683
2,6266,2.765479900737404
2,6270,3.69334984283656
2,6287,3.6014960556389477
2,6297,3.4260565421554046
2,6301,2.857333687935016
2,6305,2.857333687935016
2,6319,1.655935380393824
2,6322,1.655935380393824
2,6333,3.4260565421554046
2,6338,3.1834879781881757
2,6345,4.262072697056949
2,6358,3.008048464704632
2,6365,2.9590040387253858
2,6373,3.1834879781881757
2,6377,3.7068972182023803
2,6378,3.6014960556389477
2,6383,2.765479900737404
2,39183,2.857333687935016
2,6440,2.4393256104842442
2,6484,3.1834879781881757
2,6503,2.765479900737404
2,39292,3.2753417653857886
2,6534,2.765479900737404
2,6536,3.6014960556389477
2,6537,3.2557278341925437
2,6539,4.124905295653153
2,6541,3.6014960556389477
2,6538,3.3279676901969117
2,6548,4.01950413308972
2,6550,2.347471823286632
2,6552,2.857333687935016
2,6564,4.01950413308972
2,6566,1.5114556683850877
2,6586,3.1834879781881757
2,6591,3.889877356233609
2,6593,2.765479900737404
2,6595,3.6014960556389477
2,6662,2.6971701169680333
2,6666,3.69334984283656
2,6686,3.1834879781881757
2,6687,3.6014960556389477
2,6702,3.1834879781881757
2,6708,3.6014960556389477
2,6711,2.857333687935016
2,6750,2.765479900737404
2,6752,3.1834879781881757
2,6764,4.01950413308972
2,6787,3.69334984283656
2,6791,3.69334984283656
2,6852,2.857333687935016
2,6858,2.4393256104842442
2,6863,3.1834879781881757
2,6870,2.857333687935016
2,6873,3.6014960556389477
2,6879,3.1834879781881757
2,6886,3.1834879781881757
2,6887,3.6014960556389477
2,6888,3.1834879781881757
2,6946,1.5114556683850877
2,6949,3.1834879781881757
2,6953,2.8708810633008364
2,6958,3.1834879781881757
2,6993,3.69334984283656
2,7034,3.3942903033150404
2,7087,2.857333687935016
2,7142,3.1834879781881757
2,7149,3.6014960556389477
2,7153,4.137931478801587
2,7154,3.1834879781881757
2,7156,3.1151781944188053
2,7158,2.0213175330334723
2,7234,3.69334984283656
2,7256,3.5331862718695772
2,7323,3.69334984283656
2,7325,3.6014960556389477
2,7333,3.1151781944188053
2,7387,2.0213175330334723
2,7419,2.4393256104842442
2,40629,2.4393256104842442
2,7889,2.857333687935016
2,7934,3.1151781944188053
2,8128,3.1151781944188053
2,8154,3.69334984283656
2,8183,2.4393256104842442
2,8207,2.857333687935016
2,8228,3.5331862718695772
2,8340,2.4393256104842442
2,8341,2.4393256104842442
2,8360,4.2303064582165835
2,8368,3.3942903033150404
2,8622,2.976282225864268
2,8804,3.69334984283656
2,8838,3.69334984283656
2,8873,3.5438200730758
2,8949,3.5331862718695772
2,8951,2.857333687935016
2,41863,3.2753417653857886
2,41997,3.69334984283656
2,44555,3.1952599799022967
2,44665,4.471836750468609
2,44937,2.857333687935016
2,46578,3.69334984283656
2,46723,3.2753417653857886
2,46976,2.857333687935016
2,47423,2.857333687935016
2,47629,2.857333687935016
2,80463,2.279162039517261
2,48394,3.2753417653857886
2,48696,3.2753417653857886
2,48698,3.69334984283656
2,48738,3.1151781944188053
2,48774,2.857333687935016
2,49772,2.857333687935016
2,50068,2.4393256104842442
2,50274,2.857333687935016
2,51540,2.857333687935016
2,52281,1.6033094555827
2,85354,3.1151781944188053
2,52952,3.2753417653857886
2,52967,3.2753417653857886
2,85881,3.1151781944188053
2,54286,4.053828673017836
2,55069,2.857333687935016
2,55118,3.69334984283656
2,55247,3.2753417653857886
2,55253,2.4393256104842442
2,55276,3.69334984283656
2,55290,2.857333687935016
2,55363,2.857333687935016
2,55444,3.69334984283656
2,55814,2.4393256104842442
2,55820,3.1952599799022967
2,56757,2.857333687935016
2,56782,3.2753417653857886
2,57147,2.857333687935016
2,57669,2.6971701169680333
2,58103,2.857333687935016
2,58154,2.4393256104842442
2,26078,3.5331862718695772
2,26131,3.1151781944188053
2,26350,3.69334984283656
2,26578,2.857333687935016
2,27416,3.3942903033150404
2,27721,2.4393256104842442
2,27773,3.69334984283656
2,27831,4.88984482791938
2,30707,2.857333687935016
2,30749,2.568247863726139
2,31522,3.69334984283656
2,318,3.0
2,333,4.0
2,1704,4.5
2,3578,4.0
2,6874,4.0
2,8798,3.5
2,46970,4.0
2,48516,4.0
2,58559,4.5
2,60756,5.0
2,68157,4.5
2,71535,3.0
2,74458,4.0
2,77455,3.0
2,79132,4.0
2,80489,4.5
2,80906,5.0
2,86345,4.0
2,89774,5.0
2,91529,3.5
2,91658,2.5
2,99114,3.5
2,106782,5.0
2,109487,3.0
2,112552,4.0
2,114060,2.0
2,115713,3.5
2,122882,5.0
2,131724,5.0
3,1,3.3019918816258738
3,2,3.002702279648667
3,4,2.9163353630919424
3,5,3.0000867665407394
3,6,3.9833072413222044
3,7,2.9163353630919424
3,10,3.5813525395762813
3,11,4.074755124749177
3,15,4.612495188560811
3,16,4.62154939433906
3,17,3.5415791228423323
3,19,2.2947364850765304
3,22,3.0000867665407394
3,23,4.612495188560811
3,25,3.424419889754433
3,32,3.2508763059333803
3,34,2.6312676377439312
3,39,3.34613427756255
3,44,1.7681449355800645
3,47,3.6132318897504607
3,48,3.949208331236475
3,50,3.0689807647025518
3,98361,3.0266840884182016
3,62,3.4387433958981033
3,70,3.305400062964259
3,81,2.538146041970711
3,93,3.7972367717725275
3,95,3.781391911660593
3,104,3.336010882527101
3,105,2.9163353630919424
3,65642,3.7610336671531375
3,110,3.670832668408964
3,65651,1.5435406196051487
3,122,2.9819783549842427
3,132,2.9819783549842427
3,141,3.087263660653958
3,145,2.8001672250977254
3,65682,3.434313296812344
3,150,2.975566771301858
3,151,3.42361658076497
3,153,2.7072331035564763
3,158,2.327830476044464
3,160,2.8428132937885016
3,161,3.166990590302009
3,163,3.069959354614078
3,165,3.686594504024938
3,168,3.8312457891591123
3,170,3.362809222952743
3,172,1.351461521407674
3,173,3.0159873723708275
3,174,2.9819783549842427
3,177,2.9819783549842427
3,181,1.351461521407674
3,185,3.4148416984288437
3,186,2.3450240411954066
3,188,4.612495188560811
3,193,2.387307227249857
3,195,4.612495188560811
3,196,2.7354596844386068
3,198,2.9819783549842427
3,204,1.351461521407674
3,207,4.612495188560811
3,208,3.156444242730476
3,216,4.612495188560811
3,222,4.443400844538179
3,223,3.8551209991948063
3,224,2.7036482325927604
3,225,3.166990590302009
3,227,2.9819783549842427
3,231,2.85133286617119
3,234,2.9819783549842427
3,235,3.7972367717725275
3,236,4.334165066169328
3,237,3.8153451833290233
3,239,1.351461521407674
3,246,3.0000867665407394
3,248,2.9819783549842427
3,252,3.806290977550775
3,253,3.7701742339297675
3,255,1.351461521407674
3,256,3.7972367717725275
3,260,3.568439932998381
3,265,2.184828349752455
3,266,3.3138095060618857
3,267,3.7972367717725275
3,272,2.257984375396858
3,273,2.9819783549842427
3,274,3.7972367717725275
3,276,3.7972367717725275
3,277,2.9819783549842427
3,280,4.612495188560811
3,282,4.123399804484848
3,288,3.592165838838325
3,292,3.166990590302009
3,293,2.3437362019673875
3,296,2.630008012119942
3,300,2.6234849791098194
3,303,2.9283816741329587
3,98607,3.7610336671531375
3,315,2.5502757103608715
3,316,3.166990590302009
3,317,2.7354596844386068
3,318,3.611729804923562
3,327,3.345680784511241
3,328,2.1667199381959583
3,329,2.435184085394359
3,333,3.896485940256743
3,337,3.81779909743826
3,338,2.1667199381959583
3,339,3.4108262614151714
3,340,3.7972367717725275
3,164179,3.5354837615664514
3,344,2.8761251828994485
3,348,1.351461521407674
3,349,3.7104962014941987
3,350,4.065700918970928
3,351,2.9163353630919424
3,353,3.806290977550775
3,355,2.9819783549842427
3,356,3.743790004704182
3,357,2.579071605989613
3,364,3.598097460378967
3,367,2.8063553946050006
3,368,3.4274587659540727
3,370,2.81601495336286
3,376,3.7315937798802272
3,377,3.292757630958354
3,33145,2.538146041970711
3,380,3.031134830218607
3,383,3.7315937798802272
3,33166,4.592370791605858
3,410,2.8039824312103505
3,413,2.9819783549842427
3,416,2.1667199381959583
3,420,2.733174939842467
3,431,3.8195896384895063
3,432,2.8571277300394575
3,434,3.008087599766279
3,435,2.085169180944262
3,437,1.351461521407674
3,33201,3.7610336671531375
3,440,3.668266931831232
3,442,3.0072124900347013
3,448,2.9163353630919424
3,454,3.413060267555353
3,455,2.9163353630919424
3,457,3.982249007090293
3,466,2.9283816741329587
3,468,4.612495188560811
3,471,3.7972367717725275
3,474,3.2594967079608916
3,475,3.949208331236475
3,477,3.7315937798802272
3,480,3.4301153065591414
3,485,2.7350382386901675
3,491,3.7644152758263774
3,497,3.0000867665407394
3,500,2.7263207060540484
3,501,3.7610336671531375
3,508,2.873356787408481
3,509,3.8404010555583508
3,515,2.234737972969129
3,520,3.7340574903087598
3,522,2.538146041970711
3,524,2.9163353630919424
3,539,3.651856183858157
3,540,2.9163353630919424
3,541,3.2957877562998728
3,551,2.9819783549842427
3,552,3.1466309469728397
3,553,3.6825790670112664
3,555,3.584374821044009
3,66097,1.435767845460362
3,575,2.7427975660400885
3,585,1.351461521407674
3,586,2.8213280345729954
3,587,3.7340574903087598
3,588,3.142728673476133
3,589,3.383854889686715
3,590,3.6234453982887094
3,592,3.2378686889941486
3,593,3.5959484157400556
3,595,2.9035237570626755
3,597,3.0404123712669433
3,608,2.9240399489752376
3,611,1.351461521407674
3,616,4.0357716361440374
3,637,3.7972367717725275
3,648,3.661517092087777
3,98961,3.434313296812344
3,671,2.5740261843037784
3,673,1.3313371244527201
3,131749,2.538146041970711
3,99007,3.7610336671531375
3,33493,2.500583108878352
3,33495,3.4739138874310727
3,733,3.6426096068817877
3,736,3.530242886111689
3,778,3.5415791228423323
3,780,3.09581917181461
3,784,1.4982485531125094
3,785,1.965200543505611
3,66320,3.7093832140382386
3,788,3.0311657942905743
3,99106,1.435767845460362
3,99114,3.8212883814891763
3,99117,3.353404458758995
3,832,3.0311657942905743
3,837,2.4864955888558122
3,33615,3.0599163517732855
3,131920,3.7610336671531375
3,858,3.15460101932248
3,33660,3.2150636310082383
3,898,4.443400844538179
3,903,2.282939187005195
3,904,4.125192272768049
3,908,4.272884014939839
3,910,3.96165723461783
3,912,3.865254806545697
3,913,4.776915651406115
3,920,3.049996389757413
3,924,3.465769742791314
3,928,4.272884014939839
3,33794,3.5976734819827403
3,1028,3.949208331236475
3,1034,3.7610336671531375
3,1035,3.949208331236475
3,1036,3.2929973241798516
3,164881,1.3152584167882844
3,1047,2.5207524657388167
3,1059,3.949208331236475
3,33836,2.6586554706427883
3,164909,3.353404458758995
3,1079,3.5415791228423323
3,1084,3.7610336671531375
3,1089,3.336010882527101
3,1090,1.4194795561808444
3,1092,2.5207524657388167
3,1094,3.5415791228423323
3,1101,2.9283816741329587
3,1120,3.7610336671531375
3,1127,2.9283816741329587
3,99437,3.7610336671531375
3,1136,3.5957173770821793
3,1193,3.9292443417457195
3,1196,3.900389338228316
3,1197,3.860454824925114
3,1198,3.59466743193271
3,1199,2.642367181363271
3,1200,3.242686835882772
3,1201,2.9283816741329587
3,1204,3.457625598151555
3,1206,4.025102985686248
3,1207,3.3099338559797644
3,1210,3.6954534732167463
3,1213,4.003346585476322
3,1214,3.5789442346202764
3,1215,3.353404458758995
3,1219,4.125192272768049
3,1221,3.2386998099014326
3,1234,4.272884014939839
3,1240,2.694272623639868
3,1242,3.188088168688038
3,1246,2.970692168531143
3,1253,3.865254806545697
3,1258,3.5759381805931256
3,1261,3.678375522117659
3,1265,3.243677186603593
3,1266,3.865254806545697
3,1270,3.4971662668089656
3,1276,3.96165723461783
3,34048,3.0266840884182016
3,1285,2.945775250364853
3,1291,3.9885774790325192
3,1293,4.184741583211716
3,1320,3.049996389757413
3,1321,2.372829751899753
3,1333,2.4946754391914805
3,1345,3.3017540056440966
3,1356,3.58168666157586
3,1357,1.3313371244527201
3,1367,1.29786484055639
3,1370,3.743640090921243
3,1372,3.6006328445363995
3,1374,2.234737972969129
3,1376,3.865254806545697
3,1377,2.631775015889453
3,1387,2.1131232573446743
3,1391,1.2672540209935477
3,1393,3.5415791228423323
3,34162,3.8815430958252155
3,66934,3.3099338559797644
3,1407,3.5415791228423323
3,1409,2.4864955888558122
3,1411,1.5899963857791843
3,1485,3.0311657942905743
3,99813,3.7610336671531375
3,1516,2.7427975660400885
3,1517,2.7991666487423656
3,1527,3.439798005344379
3,1544,3.336010882527101
3,34319,3.434313296812344
3,1552,3.336010882527101
3,67087,1.7228876251824266
3,1556,1.7054940489505324
3,1562,2.4279604116923816
3,1573,3.2349803984876457
3,1580,3.2558384186265554
3,1584,3.1740574531817174
3,1590,1.7228876251824266
3,1608,3.336010882527101
3,1610,3.865254806545697
3,1625,3.8014880861798113
3,34397,2.358799036393433
3,34405,3.7234707340607787
3,1645,2.1131232573446743
3,1653,2.234737972969129
3,1676,2.619054880024059
3,1682,3.1801745718644043
3,1690,3.336010882527101
3,1704,3.3099338559797644
3,1717,3.305400062964259
3,1721,2.0075814865671644
3,1726,3.7610336671531375
3,1732,4.025102985686248
3,1747,3.96165723461783
3,1748,2.2429765046222134
3,100083,4.168662875547279
3,1801,2.9283816741329587
3,1805,0.7747379689909001
3,1831,2.8977708545701164
3,1844,3.7610336671531375
3,67408,1.679417022403196
3,1873,2.538146041970711
3,1876,2.5207524657388167
3,1883,3.5580559828283733
3,1884,3.0662846790369307
3,1889,3.049996389757413
3,1911,3.5580559828283733
3,1917,2.938373740244139
3,1921,3.0266840884182016
3,1923,3.3426722599345546
3,1947,2.6464971795352747
3,1959,3.2205132193557535
3,1960,3.6281424277498955
3,1961,2.7263207060540484
3,1962,3.709641416384693
3,1968,1.9275391492518041
3,2000,3.6426096068817877
3,2001,4.151269299315386
3,2002,2.812884010961611
3,2004,2.9283816741329587
3,2005,2.5542247496351465
3,2006,3.116890868548609
3,2011,3.6626633762485516
3,2012,3.743640090921243
3,2021,3.188088168688038
3,2028,3.506450543006252
3,2054,2.7263207060540484
3,2078,4.680513223333982
3,100383,3.434313296812344
3,2081,3.5415791228423323
3,2100,1.8312387627469906
3,2109,3.3017540056440966
3,2115,3.7168246734364248
3,2116,2.812884010961611
3,2140,1.5575713351114688
3,2144,2.331140401041261
3,133217,2.945775250364853
3,2150,4.443400844538179
3,67695,4.168662875547279
3,2193,1.8271087645749866
3,2195,2.7427975660400885
3,2232,3.0266840884182016
3,2273,4.135963889533965
3,2278,3.3694831664234313
3,2291,3.0266840884182016
3,100611,3.58168666157586
3,2318,2.945775250364853
3,2321,3.8212883814891763
3,2324,2.6962231468807984
3,2329,3.9897651895164983
3,2355,2.9350430515404127
3,166203,3.1740574531817174
3,2378,3.336010882527101
3,2380,2.9283816741329587
3,2381,2.5207524657388167
3,2383,2.5207524657388167
3,2384,1.6127019949040973
3,2387,3.7610336671531375
3,2393,1.3313371244527201
3,2396,3.133949914448191
3,2407,3.3694831664234313
3,2410,3.336010882527101
3,2427,1.460666755115952
3,2428,3.7093832140382386
3,2443,4.120658479752542
3,2455,1.515881984252977
3,2467,3.865254806545697
3,2470,3.0266840884182016
3,2490,3.8792549627237323
3,2502,3.515984935129723
3,100810,3.0266840884182016
3,2513,3.0266840884182016
3,2529,1.8271087645749866
3,2542,5.0
3,2571,3.2978562294415252
3,2572,3.3017540056440966
3,100882,3.7610336671531375
3,2580,2.961853958029289
3,2582,1.5899963857791843
3,2596,3.7610336671531375
3,68135,3.0662846790369307
3,2600,4.168662875547279
3,2605,2.4864955888558122
3,2606,3.336010882527101
3,2617,3.524520076942751
3,68157,3.2098445688979633
3,166461,3.353404458758995
3,2628,3.2847041542517723
3,2640,1.8271087645749866
3,2641,3.188088168688038
3,166492,2.1305168335765687
3,2657,1.7228876251824266
3,2671,2.8977708545701164
3,2683,2.8273511900935033
3,166528,3.0599163517732855
3,2692,3.353404458758995
3,2700,3.4387950026847163
3,2701,3.743640090921243
3,68237,2.945775250364853
3,133771,2.945775250364853
3,2706,3.3039319009396317
3,2707,0.7747379689909001
3,2710,3.133949914448191
3,2716,3.58168666157586
3,2717,3.5957173770821793
3,2723,2.633477274574854
3,2724,3.5580559828283733
3,2728,3.133949914448191
3,2761,3.5957173770821793
3,2762,3.2196749887062244
3,2763,3.4526081631531538
3,2770,2.9283816741329587
3,68319,3.4739138874310727
3,166635,3.353404458758995
3,101112,3.263730955970356
3,68358,3.605544738720023
3,2826,3.261133612499925
3,2843,3.353404458758995
3,2858,3.999804767536323
3,2872,2.4864955888558122
3,2879,4.373314399616657
3,2880,2.7427975660400885
3,2890,4.184741583211716
3,2915,2.331140401041261
3,2918,3.353404458758995
3,2924,4.443400844538179
3,2948,2.8551013458076673
3,2953,2.0825124377818325
3,2959,3.778472740380225
3,2987,3.0311657942905743
3,3000,3.713029271358401
3,3034,3.865254806545697
3,3037,2.3186914976599065
3,3039,3.96165723461783
3,3052,3.184403242572611
3,134130,3.550884728236254
3,35836,2.802215360503821
3,3083,3.353404458758995
3,134170,3.353404458758995
3,3101,1.6274241585499196
3,3114,3.0622271121560147
3,3147,3.3436835925207253
3,3175,3.5580559828283733
3,3176,1.4194795561808444
3,3253,3.336010882527101
3,3275,4.420971252603243
3,3285,2.619054880024059
3,3286,3.5580559828283733
3,3287,2.7427975660400885
3,134368,3.4739138874310727
3,3300,3.0266840884182016
3,3301,3.7093832140382386
3,101612,2.6586554706427883
3,134393,3.2098445688979633
3,3342,4.168662875547279
3,3354,3.5580559828283733
3,3363,2.894124797249954
3,3408,3.133949914448191
3,68954,2.645190374016301
3,3418,1.7054940489505324
3,3452,3.336010882527101
3,3489,2.8977708545701164
3,3499,3.717563064373907
3,3527,3.0266840884182016
3,3534,2.619054880024059
3,3535,4.065557404712921
3,3552,3.5957173770821793
3,3553,2.538146041970711
3,3555,3.5580559828283733
3,101864,3.0266840884182016
3,3578,3.750301468328697
3,69122,2.842669779530495
3,3615,4.373314399616657
3,3617,2.505447055957396
3,3618,2.7427975660400885
3,3623,2.773718277078509
3,3624,3.728334681139822
3,36401,2.538146041970711
3,3638,3.336010882527101
3,3671,3.9216001652215224
3,3681,4.680513223333982
3,3717,3.9321492853368936
3,69278,1.0281386370662196
3,3744,3.447033432677737
3,3745,3.5580559828283733
3,36517,3.96165723461783
3,3751,2.2510262622486463
3,36519,3.865254806545697
3,3753,3.743640090921243
3,3755,2.7804589602938954
3,36529,3.2150636310082383
3,134853,2.5766654549171344
3,3785,3.2011477807820157
3,3793,3.927881714430379
3,102125,3.3041853749970302
3,3826,2.619054880024059
3,3861,2.5207524657388167
3,3863,2.619054880024059
3,167746,3.353404458758995
3,3911,3.0662846790369307
3,69481,3.8815430958252155
3,3948,3.3207054727456797
3,167790,2.945775250364853
3,3969,3.4739138874310727
3,3972,4.443400844538179
3,3977,3.524520076942751
3,69516,2.1305168335765687
3,3996,4.306965621307113
3,3997,2.0825124377818325
3,4011,5.0
3,4015,4.151269299315386
3,4014,3.949208331236475
3,4016,2.9842946633112764
3,4018,3.743640090921243
3,4022,2.733263858051835
3,4025,2.5897039681908023
3,4027,3.133949914448191
3,135143,2.871502714246017
3,4082,4.168662875547279
3,4084,3.743640090921243
3,4085,3.336010882527101
3,102407,3.0662846790369307
3,69640,2.1305168335765687
3,69644,1.1499632255376369
3,69654,2.619054880024059
3,102445,4.289172304219358
3,4153,3.743640090921243
3,102481,3.4739138874310727
3,69757,2.1907715479126075
3,4223,3.0266840884182016
3,4226,3.5003618448511222
3,4238,2.9283816741329587
3,4246,2.788099523557929
3,4255,2.1131232573446743
3,4270,2.9283816741329587
3,4299,3.58168666157586
3,4306,3.54591549832289
3,69844,3.58168666157586
3,4310,2.301632451760325
3,4326,3.133949914448191
3,4344,3.336010882527101
3,135436,2.945775250364853
3,4367,4.135963889533965
3,4369,2.9587163061534962
3,4370,3.1740574531817174
3,4386,2.5207524657388167
3,4388,3.743640090921243
3,168250,3.5354837615664514
3,168252,2.945775250364853
3,168266,3.353404458758995
3,4446,4.528287688146685
3,4447,3.3896569751976657
3,135567,2.1305168335765687
3,4625,1.5435406196051487
3,4643,3.533216865058698
3,4701,3.743640090921243
3,4718,3.336010882527101
3,4720,3.621635210848217
3,4738,3.353404458758995
3,70286,3.2570149719474966
3,70293,3.0662846790369307
3,103075,3.0266840884182016
3,4776,3.434313296812344
3,135887,2.856101747576214
3,4816,3.743640090921243
3,103141,3.8815430958252155
3,4848,3.3938588777856693
3,4864,2.1305168335765687
3,4874,1.2672540209935477
3,4878,3.964049492192994
3,4886,2.735364008266602
3,4887,3.0266840884182016
3,4896,3.58168666157586
3,103249,3.250298987924637
3,4963,3.434313296812344
3,4973,2.5848694647335777
3,4979,3.728051961940228
3,4989,3.743640090921243
3,4993,3.7263666844606393
3,4995,3.430650432111607
3,5008,3.865254806545697
3,103335,2.508727253518111
3,103341,3.7610336671531375
3,5060,4.776915651406115
3,5064,3.8419425052064855
3,5065,2.9283816741329587
3,5088,4.168662875547279
3,5093,2.9283816741329587
3,5094,2.1131232573446743
3,5103,3.0266840884182016
3,5106,2.5207524657388167
3,1019,4.443400844538179
3,5146,2.8977708545701164
3,5218,3.3447076706430483
3,5219,2.733263858051835
3,5220,3.743640090921243
3,38038,4.125192272768049
3,5296,3.336010882527101
3,5299,2.558027791857695
3,5349,3.21053812177282
3,5377,2.7263207060540484
3,5378,3.8511725706642017
3,103688,3.0266840884182016
3,5388,3.0266840884182016
3,5400,3.336010882527101
3,5414,3.743640090921243
3,5418,3.8419425052064855
3,5419,2.5207524657388167
3,5444,3.717563064373907
3,5445,2.86581098130481
3,5449,2.913076264351538
3,5459,2.788099523557929
3,5481,3.336010882527101
3,5502,3.0266840884182016
3,5507,3.336010882527101
3,71057,3.0599163517732855
3,71135,3.0266840884182016
3,5617,3.7610336671531375
3,5618,3.4257564894110484
3,5630,3.434313296812344
3,5669,3.0311657942905743
3,5679,3.3851620896697225
3,71264,3.33166915736938
3,71304,3.7610336671531375
3,136864,2.1305168335765687
3,5803,3.743640090921243
3,5816,3.0599163517732855
3,5872,3.743640090921243
3,5874,2.9283816741329587
3,71429,3.7610336671531375
3,5900,3.743640090921243
3,5903,3.1900442735885983
3,104211,3.0662846790369307
3,5944,3.1740574531817174
3,5952,3.06394365298936
3,5956,3.7610336671531375
3,71518,3.4739138874310727
3,71520,3.7610336671531375
3,5989,3.434313296812344
3,5991,3.336010882527101
3,71530,1.7228876251824266
3,71535,3.6579281963187795
3,6006,2.9283816741329587
3,6014,3.743640090921243
3,6016,3.353404458758995
3,6059,3.8419425052064855
3,104374,3.353404458758995
3,6155,3.2011477807820157
3,6156,4.151269299315386
3,6157,2.9283816741329587
3,71745,1.0000350084129588
3,6218,3.133949914448191
3,6242,3.305400062964259
3,6249,3.336010882527101
3,6266,2.9283816741329587
3,6281,2.619054880024059
3,6287,3.743640090921243
3,6303,3.865254806545697
3,6323,3.0266840884182016
3,6333,4.4087299961830215
3,6338,3.336010882527101
3,6365,3.3041853749970302
3,6373,2.9973331765849447
3,6377,3.8581305059943114
3,6378,3.9321492853368936
3,6383,2.9112532356914564
3,6387,4.120658479752542
3,72011,3.353404458758995
3,6484,3.336010882527101
3,6502,3.2272808509404314
3,6503,2.9283816741329587
3,6534,2.9283816741329587
3,6536,3.743640090921243
3,104841,3.717563064373907
3,6537,4.151269299315386
3,6539,3.839958975952994
3,6541,3.4588487720514807
3,6548,4.151269299315386
3,6550,2.5207524657388167
3,6564,4.151269299315386
3,6566,1.7054940489505324
3,6567,3.305400062964259
3,6586,3.336010882527101
3,6591,3.133949914448191
3,6593,2.9283816741329587
3,6595,3.743640090921243
3,6618,4.528287688146685
3,6686,3.336010882527101
3,6687,3.743640090921243
3,72226,3.6174737772921053
3,6702,3.336010882527101
3,6708,3.743640090921243
3,6711,3.533216865058698
3,6721,4.120658479752542
3,105037,2.2510262622486463
3,6750,2.9283816741329587
3,6752,3.336010882527101
3,6754,3.8419425052064855
3,6764,4.151269299315386
3,137857,2.945775250364853
3,6857,3.713029271358401
3,6863,3.101533403049885
3,6870,1.4194795561808444
3,6873,3.743640090921243
3,6874,4.003201739082881
3,6879,3.336010882527101
3,6886,3.336010882527101
3,6887,3.743640090921243
3,6888,3.336010882527101
3,6902,3.353404458758995
3,105213,3.7610336671531375
3,6934,2.6252082569958697
3,6936,4.289172304219358
3,6946,1.7054940489505324
3,6949,3.336010882527101
3,6952,3.1900442735885983
3,6953,3.0311657942905743
3,6958,3.336010882527101
3,138036,2.802215360503821
3,7001,3.865254806545697
3,7008,4.168662875547279
3,7022,4.168662875547279
3,7034,3.5415791228423323
3,7090,4.120658479752542
3,72641,3.3919238717054183
3,7123,2.642367181363271
3,138204,3.4739138874310727
3,7142,3.336010882527101
3,7149,3.743640090921243
3,7153,3.2031686878170706
3,7154,3.181347485472651
3,7254,4.168662875547279
3,7265,4.168662875547279
3,7325,3.743640090921243
3,7361,3.7610336671531375
3,7371,4.168662875547279
3,40148,1.7228876251824266
3,7438,3.6974798327872738
3,7445,3.434313296812344
3,7451,3.2272061993269845
3,7454,3.58168666157586
3,7458,2.807434422614096
3,72998,3.460829576144568
3,73017,4.289172304219358
3,7541,2.4864955888558122
3,7649,3.1740574531817174
3,106072,4.289172304219358
3,7810,3.1740574531817174
3,7811,3.1740574531817174
3,7812,3.1740574531817174
3,40583,3.0266840884182016
3,171763,4.168662875547279
3,40697,3.1740574531817174
3,73488,1.7228876251824266
3,8254,4.168662875547279
3,139385,2.538146041970711
3,106642,3.58168666157586
3,8360,3.2528161625989176
3,8361,2.842669779530495
3,8368,3.039862582406522
3,8376,2.59840075630675
3,106782,3.8212883814891763
3,8529,2.9023046475856225
3,8533,2.6586554706427883
3,106918,3.353404458758995
3,106920,3.353404458758995
3,8622,2.6082311761150114
3,8636,3.861296079051206
3,8641,3.0662846790369307
3,8644,3.434313296812344
3,8665,3.1900442735885983
3,139855,2.945775250364853
3,8798,3.324688463910291
3,41566,2.6586554706427883
3,8807,3.006029964700892
3,8810,3.0266840884182016
3,8861,3.0266840884182016
3,8865,1.4194795561808444
3,8873,4.356837539630618
3,8907,1.1359114112110065
3,8914,2.619054880024059
3,74458,3.765935376201997
3,8950,3.8419425052064855
3,8957,3.228496203380485
3,8961,3.8214536555816068
3,8970,1.8433970538545041
3,8972,4.289172304219358
3,9010,4.168662875547279
3,140110,3.4739138874310727
3,107348,1.435767845460362
3,74647,1.0281386370662196
3,74789,1.7011523237928112
3,140359,3.58168666157586
3,107630,3.7610336671531375
3,140928,2.945775250364853
3,75395,2.211425671629917
3,42632,4.168662875547279
3,108190,3.58168666157586
3,42738,3.434313296812344
3,174053,4.168662875547279
3,174055,2.538146041970711
3,75805,2.6586554706427883
3,141408,3.353404458758995
3,108727,3.353404458758995
3,75985,3.7610336671531375
3,141544,3.353404458758995
3,76077,2.945775250364853
3,76093,3.6713601643644984
3,108932,2.6544099191336916
3,76251,3.1900442735885983
3,76293,2.59840075630675
3,43836,1.7228876251824266
3,109374,4.289172304219358
3,142222,3.353404458758995
3,109483,1.8433970538545041
3,109487,3.6438008645901245
3,142420,2.1305168335765687
3,142422,3.353404458758995
3,142456,3.7610336671531375
3,44191,3.4670090482813185
3,44193,3.8815430958252155
3,44195,3.353404458758995
3,44199,3.445969447481949
3,142509,3.7610336671531375
3,175303,2.538146041970711
3,110102,4.289172304219358
3,44665,4.2171566484061715
3,77561,3.5079999791941017
3,110330,3.7610336671531375
3,44974,3.772001814572674
3,77795,2.7664282447875754
3,143355,2.945775250364853
3,45186,3.434313296812344
3,45221,3.4739138874310727
3,176371,2.945775250364853
3,110882,3.7610336671531375
3,45440,3.7610336671531375
3,78218,2.538146041970711
3,78266,3.0266840884182016
3,45499,4.4087299961830215
3,111113,2.802215360503821
3,78349,2.9862296693915273
3,45720,3.4739138874310727
3,45722,3.2098445688979633
3,78499,3.7316148787005377
3,111320,1.435767845460362
3,111362,3.935429482897608
3,111743,3.353404458758995
3,111759,3.3833849171143644
3,79091,3.120171066109324
3,79132,3.194274142640426
3,79139,3.03818105038367
3,111921,3.0662846790369307
3,46578,3.7995530800995607
3,79357,3.353404458758995
3,112138,3.4739138874310727
3,112175,3.9893158699700013
3,112183,2.802215360503821
3,177765,4.057254071369026
3,112290,3.0662846790369307
3,79553,2.945775250364853
3,79592,3.6174737772921053
3,112450,1.8433970538545041
3,79702,3.353404458758995
3,46976,2.807434422614096
3,112552,3.353404458758995
3,112556,3.4739138874310727
3,112623,3.353404458758995
3,47099,3.7995530800995607
3,47122,3.4739138874310727
3,112788,2.2510262622486463
3,112852,3.591054537793613
3,80219,2.211425671629917
3,47491,3.7610336671531375
3,47518,3.0662846790369307
3,80363,3.0266840884182016
3,47610,3.4103545297988136
3,80463,3.4739138874310727
3,80489,3.434313296812344
3,80549,2.945775250364853
3,113378,2.3049126493210395
3,47997,3.353404458758995
3,80831,3.8419425052064855
3,113741,3.353404458758995
3,146662,3.9893158699700013
3,48385,3.2098445688979633
3,48394,3.434313296812344
3,48414,2.6586554706427883
3,179511,3.1740574531817174
3,48516,3.7933628490590654
3,114074,2.6586554706427883
3,81417,2.619054880024059
3,179819,3.03818105038367
3,48774,3.3938588777856693
3,48780,3.546230932596861
3,81562,3.4136591730950343
3,81564,3.8534394671719543
3,81591,3.250298987924637
3,147142,2.538146041970711
3,180031,3.1740574531817174
3,147372,3.58168666157586
3,147374,3.58168666157586
3,147376,3.58168666157586
3,147378,3.58168666157586
3,147380,3.58168666157586
3,81845,4.125192272768049
3,147382,3.58168666157586
3,81847,3.717563064373907
3,147384,3.58168666157586
3,49272,3.8617428005158505
3,82041,3.0266840884182016
3,49278,3.5079999791941017
3,114935,3.353404458758995
3,49530,3.0266840884182016
3,82461,1.2717878140090537
3,115617,3.8212883814891763
3,115680,3.353404458758995
3,148626,2.945775250364853
3,83134,2.7606797638048413
3,83349,2.538146041970711
3,50601,3.4739138874310727
3,148956,2.538146041970711
3,50685,3.0662846790369307
3,149144,3.353404458758995
3,50842,3.7610336671531375
3,149146,3.353404458758995
3,50872,3.6496248629748838
3,149354,2.1907715479126075
3,51080,3.0266840884182016
3,51255,3.8815430958252155
3,116797,3.9124003273801438
3,116823,3.4739138874310727
3,116897,3.7610336671531375
3,84152,3.1900442735885983
3,84189,3.0266840884182016
3,149830,3.7610336671531375
3,51540,3.8815430958252155
3,51562,3.1740574531817174
3,149902,1.7228876251824266
3,117176,3.3099338559797644
3,117192,3.58168666157586
3,51662,3.434313296812344
3,84601,3.0266840884182016
3,117466,2.945775250364853
3,51935,3.434313296812344
3,84772,2.856101747576214
3,117590,3.4739138874310727
3,117646,3.58168666157586
3,84952,3.353404458758995
3,84954,2.945775250364853
3,52245,3.4739138874310727
3,150596,3.58168666157586
3,52328,2.1305168335765687
3,117881,3.4739138874310727
3,52604,3.434313296812344
3,85397,3.0266840884182016
3,85414,3.434313296812344
3,52722,3.7316148787005377
3,52973,3.6174737772921053
3,52975,3.1881092675083478
3,184053,1.5435406196051487
3,53000,3.36803365122822
3,53125,3.6174737772921053
3,53129,3.434313296812344
3,151455,3.353404458758995
3,53322,3.0266840884182016
3,151695,3.353404458758995
3,86190,3.1900442735885983
3,151739,2.2510262622486463
3,53460,3.0662846790369307
3,53464,2.087046230797338
3,86332,3.4136591730950343
3,119141,3.353404458758995
3,119145,3.6174737772921053
3,119167,2.7664282447875754
3,152077,3.5354837615664514
3,152081,3.8212883814891763
3,152083,3.353404458758995
3,152091,3.353404458758995
3,53953,2.619054880024059
3,86721,4.168662875547279
3,53972,3.0266840884182016
3,152284,2.945775250364853
3,53993,3.3099338559797644
3,53996,3.4739138874310727
3,86833,4.289172304219358
3,86880,3.0662846790369307
3,54190,4.168662875547279
3,54286,3.385733640664923
3,87232,3.632514351404473
3,54503,2.59840075630675
3,87430,1.0281386370662196
3,152970,3.353404458758995
3,87485,2.6586554706427883
3,120466,2.538146041970711
3,87869,3.2098445688979633
3,55247,3.488048649080688
3,55267,4.125192272768049
3,55276,4.776915651406115
3,55278,3.7610336671531375
3,55282,2.894124797249954
3,88125,3.58168666157586
3,88129,3.7610336671531375
3,88140,2.9398314506719596
3,55391,4.117012422432381
3,88163,3.7392983657635224
3,55765,3.0266840884182016
3,55768,3.4739138874310727
3,55820,0.5
3,55908,3.353404458758995
3,88744,3.353404458758995
3,88810,3.3919238717054183
3,56152,3.3099338559797644
3,56171,2.7664282447875754
3,56174,2.369456916664687
3,56367,3.0662846790369307
3,89190,2.538146041970711
3,187541,3.3099338559797644
3,187593,4.125192272768049
3,89470,3.0266840884182016
3,89492,3.4739138874310727
3,56757,2.4946754391914805
3,155064,2.1305168335765687
3,56775,3.1881092675083478
3,56801,3.3099338559797644
3,56915,3.1740574531817174
3,89745,3.5278002745034662
3,89774,3.2150636310082383
3,155509,3.353404458758995
3,122882,3.7610336671531375
3,122886,3.9893158699700013
3,122890,2.945775250364853
3,122892,3.4136591730950343
3,122900,3.58168666157586
3,122904,3.142222973914301
3,57368,3.0266840884182016
3,122906,3.58168666157586
3,122912,4.125192272768049
3,122916,3.8534394671719543
3,122918,3.415008325438207
3,122922,3.353404458758995
3,122924,3.1740574531817174
3,122926,3.8534394671719543
3,90403,2.1305168335765687
3,90405,3.0266840884182016
3,90469,2.619054880024059
3,90647,3.58168666157586
3,123553,0.7282822028168643
3,58047,2.7804800591142054
3,156371,3.353404458758995
3,156387,2.945775250364853
3,90866,3.58168666157586
3,58293,3.3017540056440966
3,58301,4.168662875547279
3,123947,2.2510262622486463
3,189547,0.7282822028168643
3,58559,3.574728070474959
3,91470,3.7610336671531375
3,91500,2.8770382698086143
3,91529,4.289172304219358
3,91535,3.0266840884182016
3,91542,3.619213464662197
3,91630,3.434313296812344
3,91658,3.8419425052064855
3,91690,3.7610336671531375
3,58998,2.394586152109679
3,59103,4.0357716361440374
3,91947,3.7610336671531375
3,91974,3.434313296812344
3,59258,3.8815430958252155
3,59315,3.3589222740460323
3,59369,3.8419425052064855
3,26606,4.120658479752542
3,26680,4.168662875547279
3,26681,2.538146041970711
3,92259,3.353404458758995
3,59615,1.2717878140090537
3,92420,3.7610336671531375
3,92509,3.0662846790369307
3,59784,3.3492771885152735
3,27022,3.353404458758995
3,92694,3.7610336671531375
3,158238,3.353404458758995
3,27193,4.120658479752542
3,60030,3.434313296812344
3,60040,3.3099338559797644
3,60069,3.6713601643644984
3,60072,3.353404458758995
3,60126,3.5957384759024897
3,27416,3.5415791228423323
3,27482,3.7610336671531375
3,27674,3.7093832140382386
3,158783,3.353404458758995
3,27728,2.8977708545701164
3,93272,3.0662846790369307
3,93297,3.434313296812344
3,27773,3.7610336671531375
3,27788,3.353404458758995
3,93326,3.0662846790369307
3,158872,4.168662875547279
3,27801,4.528287688146685
3,27831,5.0
3,158966,3.7610336671531375
3,158972,2.945775250364853
3,60684,3.4205438810008038
3,93510,3.6174737772921053
3,60756,3.6174737772921053
3,60950,4.168662875547279
3,126548,2.2510262622486463
3,61024,3.4739138874310727
3,93840,2.8770382698086143
3,93855,3.7610336671531375
3,159415,3.353404458758995
3,61250,3.4739138874310727
3,61323,2.59840075630675
3,159717,2.945775250364853
3,159779,3.1740574531817174
3,127096,3.353404458758995
3,127198,3.353404458758995
3,127202,3.4136591730950343
3,160080,2.945775250364853
3,94677,3.7610336671531375
3,160271,2.945775250364853
3,94864,3.8419425052064855
3,94931,2.945775250364853
3,94959,4.168662875547279
3,160563,2.945775250364853
3,160567,2.945775250364853
3,95088,2.945775250364853
3,62336,3.7610336671531375
3,95105,3.1740574531817174
3,95167,2.652287143379143
3,62434,3.6174737772921053
3,62439,3.7610336671531375
3,95441,3.4136591730950343
3,95510,3.4739138874310727
3,128360,3.353404458758995
3,161131,2.945775250364853
3,62834,3.1740574531817174
3,62836,3.1740574531817174
3,95690,3.7610336671531375
3,128520,3.0662846790369307
3,95761,3.7610336671531375
3,62999,3.1740574531817174
3,63072,2.538146041970711
3,128620,3.353404458758995
3,63113,3.434313296812344
3,161580,2.945775250364853
3,63276,3.7610336671531375
3,161582,3.353404458758995
3,128842,3.1740574531817174
3,96079,3.8617428005158505
3,161634,2.1305168335765687
3,30793,3.0662846790369307
3,161966,3.353404458758995
3,162082,2.945775250364853
3,96588,3.2098445688979633
3,96610,2.7664282447875754
3,63859,2.4946754391914805
3,96691,3.0266840884182016
3,31184,2.8977708545701164
3,63992,1.76140703812885
3,162350,2.945775250364853
3,96821,3.4739138874310727
3,96829,3.7610336671531375
3,96917,3.0266840884182016
3,162478,3.353404458758995
3,162578,2.538146041970711
3,31685,2.0825124377818325
3,31696,2.358799036393433
3,64614,3.6226928394023803
3,163134,3.353404458758995
3,130444,3.1740574531817174
3,130490,2.538146041970711
3,64957,3.0662846790369307
3,64969,3.4739138874310727
3,97752,3.2842340448836165
3,65130,4.168662875547279
3,97913,2.945775250364853
3,97921,3.1970940553416445
3,97938,3.33166915736938
3,65216,2.619054880024059
3,32460,3.353404458758995
3,65230,3.0662846790369307
3,163645,3.353404458758995
3,98124,3.1740574531817174
3,98243,3.58168666157586
3,131013,3.0662846790369307
3,65514,3.353404458758995
3,31,0.5
3,527,0.5
3,647,0.5
3,688,0.5
3,720,0.5
3,849,5.0
3,914,0.5
3,1093,0.5
3,1124,0.5
3,1263,0.5
3,1272,0.5
3,1275,3.5
3,1302,0.5
3,1371,3.0
3,1587,4.5
3,2018,0.5
3,2080,0.5
3,2090,0.5
3,2105,2.0
3,2288,4.0
3,2424,0.5
3,2851,5.0
3,3024,4.5
3,3210,0.5
3,3703,5.0
3,3949,0.5
3,4518,5.0
3,5048,0.5
3,5181,5.0
3,5746,5.0
3,5764,4.5
3,5919,5.0
3,6238,0.5
3,6835,5.0
3,7899,4.5
3,7991,5.0
3,26409,4.5
3,70946,5.0
3,72378,0.5
